PROVINCIA,AÑO_MES,Consumo_kWh
A CORUÑA,2021-10,10695536.73
A CORUÑA,2021-11,24993254.09
A CORUÑA,2021-12,31367381.77
A CORUÑA,2022-01,36703475.24
A CORUÑA,2022-02,35230446.48
A CORUÑA,2022-03,30703320.93
A CORUÑA,2022-04,23639756.83
A CORUÑA,2022-05,13636016.37
A CORUÑA,2022-06,11840613.24
A CORUÑA,2022-07,11470514.83
A CORUÑA,2022-08,10189766.07
A CORUÑA,2022-09,10841616.53
A CORUÑA,2022-10,10353336.61
A CORUÑA,2022-11,21440850.26
A CORUÑA,2022-12,33324941.94
A CORUÑA,2023-01,44145050.59
A CORUÑA,2023-02,40515270.92
A CORUÑA,2023-03,28284050.69
A CORUÑA,2023-04,15913226.58
A CORUÑA,2023-05,14130608.14
A CORUÑA,2023-06,11973146.07
A CORUÑA,2023-07,10036398.4
A CORUÑA,2023-08,8526938.29
A CORUÑA,2023-09,9343955.27
A CORUÑA,2023-10,10417096.25
A CORUÑA,2023-11,23172532.84
A CORUÑA,2023-12,37200378.79
A CORUÑA,2024-01,35402660.37
A CORUÑA,2024-02,26749411.58
A CORUÑA,2024-03,24503109.18
A CORUÑA,2024-04,16673876.0
A CORUÑA,2024-05,8850584.12
A CORUÑA,2024-06,1461500.79
ALBACETE,2021-10,5417353.68
ALBACETE,2021-11,22150040.55
ALBACETE,2021-12,29610184.12
ALBACETE,2022-01,37316104.43
ALBACETE,2022-02,31542392.1
ALBACETE,2022-03,28916684.42
ALBACETE,2022-04,21210245.74
ALBACETE,2022-05,7906041.55
ALBACETE,2022-06,4496496.76
ALBACETE,2022-07,3600679.61
ALBACETE,2022-08,2801258.88
ALBACETE,2022-09,3352530.49
ALBACETE,2022-10,4487526.69
ALBACETE,2022-11,15000504.72
ALBACETE,2022-12,29203441.56
ALBACETE,2023-01,41927248.51
ALBACETE,2023-02,37637204.5
ALBACETE,2023-03,20560867.7
ALBACETE,2023-04,7787780.29
ALBACETE,2023-05,5174398.52
ALBACETE,2023-06,3563538.49
ALBACETE,2023-07,2361977.67
ALBACETE,2023-08,1931895.88
ALBACETE,2023-09,2706806.05
ALBACETE,2023-10,5055155.09
ALBACETE,2023-11,15928411.22
ALBACETE,2023-12,30898355.88
ALBACETE,2024-01,29477241.9
ALBACETE,2024-02,20267023.43
ALBACETE,2024-03,15453039.93
ALBACETE,2024-04,7728869.33
ALBACETE,2024-05,3727194.57
ALBACETE,2024-06,623066.55
ALICANTE,2021-10,7501362.85
ALICANTE,2021-11,20556208.08
ALICANTE,2021-12,24877012.29
ALICANTE,2022-01,32910631.38
ALICANTE,2022-02,30006552.02
ALICANTE,2022-03,30107669.12
ALICANTE,2022-04,22432139.07
ALICANTE,2022-05,11606773.58
ALICANTE,2022-06,8832091.54
ALICANTE,2022-07,8185499.87
ALICANTE,2022-08,6861131.56
ALICANTE,2022-09,7257999.33
ALICANTE,2022-10,7335475.22
ALICANTE,2022-11,15145960.25
ALICANTE,2022-12,24162727.13
ALICANTE,2023-01,35365263.89
ALICANTE,2023-02,33840244.18
ALICANTE,2023-03,21841649.69
ALICANTE,2023-04,11534020.31
ALICANTE,2023-05,10467071.84
ALICANTE,2023-06,8371293.92
ALICANTE,2023-07,6671952.0
ALICANTE,2023-08,5431791.12
ALICANTE,2023-09,5800001.31
ALICANTE,2023-10,6029995.53
ALICANTE,2023-11,12392493.84
ALICANTE,2023-12,23114498.96
ALICANTE,2024-01,25954733.33
ALICANTE,2024-02,20031948.33
ALICANTE,2024-03,16849580.71
ALICANTE,2024-04,10329555.04
ALICANTE,2024-05,5532771.6
ALICANTE,2024-06,958557.16
ALMERIA,2021-10,33115.83
ALMERIA,2021-11,157146.27
ALMERIA,2021-12,196196.53
ALMERIA,2022-01,269266.43
ALMERIA,2022-02,192339.68
ALMERIA,2022-03,169482.51
ALMERIA,2022-04,127692.31
ALMERIA,2022-05,53818.35
ALMERIA,2022-06,38698.28
ALMERIA,2022-07,31694.28
ALMERIA,2022-08,25812.81
ALMERIA,2022-09,35446.65
ALMERIA,2022-10,40842.23
ALMERIA,2022-11,97676.85
ALMERIA,2022-12,165982.83
ALMERIA,2023-01,297863.19
ALMERIA,2023-02,279272.8
ALMERIA,2023-03,171331.31
ALMERIA,2023-04,76594.95
ALMERIA,2023-05,54300.53
ALMERIA,2023-06,40199.39
ALMERIA,2023-07,33694.43
ALMERIA,2023-08,26202.14
ALMERIA,2023-09,34088.44
ALMERIA,2023-10,43639.49
ALMERIA,2023-11,108512.65
ALMERIA,2023-12,206207.19
ALMERIA,2024-01,239677.98
ALMERIA,2024-02,164402.66
ALMERIA,2024-03,124944.94
ALMERIA,2024-04,73031.35
ALMERIA,2024-05,37086.53
ALMERIA,2024-06,10761.11
ARABA/ALAVA,2021-10,3241064.97
ARABA/ALAVA,2021-11,12219814.27
ARABA/ALAVA,2021-12,16945246.81
ARABA/ALAVA,2022-01,16484224.5
ARABA/ALAVA,2022-02,13092520.67
ARABA/ALAVA,2022-03,13639436.41
ARABA/ALAVA,2022-04,8734370.56
ARABA/ALAVA,2022-05,4012132.24
ARABA/ALAVA,2022-06,3169769.07
ARABA/ALAVA,2022-07,2239755.16
ARABA/ALAVA,2022-08,1946495.7
ARABA/ALAVA,2022-09,3041682.22
ARABA/ALAVA,2022-10,3984555.4
ARABA/ALAVA,2022-11,8057589.59
ARABA/ALAVA,2022-12,13771271.76
ARABA/ALAVA,2023-01,18907349.46
ARABA/ALAVA,2023-02,16833034.04
ARABA/ALAVA,2023-03,10512253.5
ARABA/ALAVA,2023-04,5073034.35
ARABA/ALAVA,2023-05,3803917.61
ARABA/ALAVA,2023-06,2613682.96
ARABA/ALAVA,2023-07,2014714.12
ARABA/ALAVA,2023-08,1636202.57
ARABA/ALAVA,2023-09,1862202.54
ARABA/ALAVA,2023-10,2483548.68
ARABA/ALAVA,2023-11,7164306.25
ARABA/ALAVA,2023-12,13586753.85
ARABA/ALAVA,2024-01,14112583.43
ARABA/ALAVA,2024-02,10488661.44
ARABA/ALAVA,2024-03,8871258.17
ARABA/ALAVA,2024-04,5339287.07
ARABA/ALAVA,2024-05,2718403.57
ARABA/ALAVA,2024-06,387317.04
ASTURIAS,2021-10,1295598.85
ASTURIAS,2021-11,4694538.97
ASTURIAS,2021-12,5516892.49
ASTURIAS,2022-01,7397397.28
ASTURIAS,2022-02,5208304.92
ASTURIAS,2022-03,5261389.75
ASTURIAS,2022-04,3672627.24
ASTURIAS,2022-05,1904132.19
ASTURIAS,2022-06,1533055.66
ASTURIAS,2022-07,1397060.89
ASTURIAS,2022-08,1167872.12
ASTURIAS,2022-09,1482791.87
ASTURIAS,2022-10,1868246.28
ASTURIAS,2022-11,3509154.26
ASTURIAS,2022-12,6050669.55
ASTURIAS,2023-01,8486556.27
ASTURIAS,2023-02,7722713.08
ASTURIAS,2023-03,4971898.98
ASTURIAS,2023-04,2474359.42
ASTURIAS,2023-05,2045665.74
ASTURIAS,2023-06,1660328.16
ASTURIAS,2023-07,1341707.71
ASTURIAS,2023-08,1136182.26
ASTURIAS,2023-09,1332058.32
ASTURIAS,2023-10,1734673.97
ASTURIAS,2023-11,4250959.0
ASTURIAS,2023-12,7498745.0
ASTURIAS,2024-01,7332395.44
ASTURIAS,2024-02,5278466.89
ASTURIAS,2024-03,4465032.07
ASTURIAS,2024-04,2905846.58
ASTURIAS,2024-05,1637062.47
ASTURIAS,2024-06,311114.87
AVILA,2021-10,2110305.92
AVILA,2021-11,8312932.02
AVILA,2021-12,11495087.6
AVILA,2022-01,13638525.57
AVILA,2022-02,11295594.96
AVILA,2022-03,9442989.87
AVILA,2022-04,6524896.36
AVILA,2022-05,2772103.93
AVILA,2022-06,1807719.86
AVILA,2022-07,1451979.06
AVILA,2022-08,1158426.47
AVILA,2022-09,1392166.71
AVILA,2022-10,1833079.35
AVILA,2022-11,5839308.25
AVILA,2022-12,10660961.63
AVILA,2023-01,14973734.24
AVILA,2023-02,13268985.01
AVILA,2023-03,8146635.28
AVILA,2023-04,3733960.5
AVILA,2023-05,2606956.18
AVILA,2023-06,1843170.68
AVILA,2023-07,1323480.68
AVILA,2023-08,1074493.04
AVILA,2023-09,1371245.87
AVILA,2023-10,2242894.87
AVILA,2023-11,6817850.46
AVILA,2023-12,12935043.83
AVILA,2024-01,13026861.82
AVILA,2024-02,9465551.53
AVILA,2024-03,7677051.57
AVILA,2024-04,4181911.58
AVILA,2024-05,2088135.2
AVILA,2024-06,313632.41
BADAJOZ,2021-10,252717.59
BADAJOZ,2021-11,977088.55
BADAJOZ,2021-12,1288548.87
BADAJOZ,2022-01,1860338.74
BADAJOZ,2022-02,1267131.04
BADAJOZ,2022-03,1210509.94
BADAJOZ,2022-04,722233.49
BADAJOZ,2022-05,363146.38
BADAJOZ,2022-06,292759.18
BADAJOZ,2022-07,259829.45
BADAJOZ,2022-08,213235.56
BADAJOZ,2022-09,254111.96
BADAJOZ,2022-10,298710.34
BADAJOZ,2022-11,722052.34
BADAJOZ,2022-12,1187206.52
BADAJOZ,2023-01,1672677.2
BADAJOZ,2023-02,1539119.35
BADAJOZ,2023-03,926948.25
BADAJOZ,2023-04,431191.92
BADAJOZ,2023-05,334227.11
BADAJOZ,2023-06,251268.37
BADAJOZ,2023-07,189607.08
BADAJOZ,2023-08,163864.0
BADAJOZ,2023-09,212174.66
BADAJOZ,2023-10,299965.89
BADAJOZ,2023-11,832597.83
BADAJOZ,2023-12,1658817.53
BADAJOZ,2024-01,1706304.43
BADAJOZ,2024-02,1221418.81
BADAJOZ,2024-03,1019188.89
BADAJOZ,2024-04,569299.63
BADAJOZ,2024-05,231798.38
BADAJOZ,2024-06,14861.58
BALEARES,2021-10,722606.89
BALEARES,2021-11,2155866.74
BALEARES,2021-12,2928135.43
BALEARES,2022-01,3716742.61
BALEARES,2022-02,2012333.63
BALEARES,2022-03,2469083.0
BALEARES,2022-04,2005272.45
BALEARES,2022-05,1165586.9
BALEARES,2022-06,955617.18
BALEARES,2022-07,937712.82
BALEARES,2022-08,831933.31
BALEARES,2022-09,1038878.56
BALEARES,2022-10,897776.85
BALEARES,2022-11,1627481.58
BALEARES,2022-12,2319579.36
BALEARES,2023-01,3163928.74
BALEARES,2023-02,3026127.97
BALEARES,2023-03,2105355.64
BALEARES,2023-04,1254862.74
BALEARES,2023-05,1098681.21
BALEARES,2023-06,868132.0
BALEARES,2023-07,717576.85
BALEARES,2023-08,602267.66
BALEARES,2023-09,719855.71
BALEARES,2023-10,720669.44
BALEARES,2023-11,1373743.49
BALEARES,2023-12,2329870.24
BALEARES,2024-01,2645647.94
BALEARES,2024-02,2120793.88
BALEARES,2024-03,1833001.37
BALEARES,2024-04,1235683.36
BALEARES,2024-05,715172.26
BALEARES,2024-06,148634.5
BARCELONA,2021-10,178266294.38
BARCELONA,2021-11,539500604.03
BARCELONA,2021-12,681102059.47
BARCELONA,2022-01,869259455.93
BARCELONA,2022-02,721128952.19
BARCELONA,2022-03,621157563.48
BARCELONA,2022-04,443693614.96
BARCELONA,2022-05,213445041.23
BARCELONA,2022-06,166244177.23
BARCELONA,2022-07,149303788.13
BARCELONA,2022-08,130962827.56
BARCELONA,2022-09,146579935.47
BARCELONA,2022-10,150475780.95
BARCELONA,2022-11,380322447.86
BARCELONA,2022-12,661657347.9
BARCELONA,2023-01,913723122.69
BARCELONA,2023-02,811005118.47
BARCELONA,2023-03,504622827.47
BARCELONA,2023-04,261744384.91
BARCELONA,2023-05,218707150.8
BARCELONA,2023-06,174128473.24
BARCELONA,2023-07,139923902.71
BARCELONA,2023-08,113573704.71
BARCELONA,2023-09,123339438.39
BARCELONA,2023-10,138879866.69
BARCELONA,2023-11,336414371.43
BARCELONA,2023-12,636898538.72
BARCELONA,2024-01,657532741.99
BARCELONA,2024-02,466344683.7
BARCELONA,2024-03,374064102.68
BARCELONA,2024-04,234382077.01
BARCELONA,2024-05,126586728.48
BARCELONA,2024-06,20008240.59
BIZKAIA,2021-10,2091283.2
BIZKAIA,2021-11,8447496.11
BIZKAIA,2021-12,11325809.27
BIZKAIA,2022-01,14697070.71
BIZKAIA,2022-02,9541037.08
BIZKAIA,2022-03,8873974.89
BIZKAIA,2022-04,5732907.72
BIZKAIA,2022-05,2679914.57
BIZKAIA,2022-06,3193989.48
BIZKAIA,2022-07,1751556.55
BIZKAIA,2022-08,1442111.02
BIZKAIA,2022-09,1767409.59
BIZKAIA,2022-10,2044522.64
BIZKAIA,2022-11,5700517.29
BIZKAIA,2022-12,9172151.36
BIZKAIA,2023-01,13621068.4
BIZKAIA,2023-02,12460342.69
BIZKAIA,2023-03,7584805.56
BIZKAIA,2023-04,3645314.37
BIZKAIA,2023-05,2876810.97
BIZKAIA,2023-06,2187149.96
BIZKAIA,2023-07,1695705.89
BIZKAIA,2023-08,1432863.73
BIZKAIA,2023-09,1777499.25
BIZKAIA,2023-10,2166681.15
BIZKAIA,2023-11,5588551.26
BIZKAIA,2023-12,10144807.78
BIZKAIA,2024-01,10720853.33
BIZKAIA,2024-02,7893195.2
BIZKAIA,2024-03,6710262.68
BIZKAIA,2024-04,4243830.58
BIZKAIA,2024-05,2459997.09
BIZKAIA,2024-06,395231.74
BURGOS,2021-10,10112191.67
BURGOS,2021-11,29616562.65
BURGOS,2021-12,37080673.14
BURGOS,2022-01,46575143.28
BURGOS,2022-02,38996979.23
BURGOS,2022-03,35280916.12
BURGOS,2022-04,26552600.35
BURGOS,2022-05,11080759.94
BURGOS,2022-06,6787296.18
BURGOS,2022-07,5646637.4
BURGOS,2022-08,4797647.52
BURGOS,2022-09,5743515.35
BURGOS,2022-10,7960383.05
BURGOS,2022-11,23004719.85
BURGOS,2022-12,39117637.46
BURGOS,2023-01,51606323.08
BURGOS,2023-02,46307844.48
BURGOS,2023-03,29730581.94
BURGOS,2023-04,14884641.28
BURGOS,2023-05,10843064.65
BURGOS,2023-06,7213606.02
BURGOS,2023-07,5260032.39
BURGOS,2023-08,4028430.08
BURGOS,2023-09,5056785.14
BURGOS,2023-10,8769382.58
BURGOS,2023-11,25067356.92
BURGOS,2023-12,41707317.75
BURGOS,2024-01,39175009.71
BURGOS,2024-02,30134503.74
BURGOS,2024-03,25282344.22
BURGOS,2024-04,16925274.69
BURGOS,2024-05,10353602.55
BURGOS,2024-06,1350034.36
CACERES,2021-10,490739.09
CACERES,2021-11,2120063.6
CACERES,2021-12,3535862.02
CACERES,2022-01,4648012.67
CACERES,2022-02,3006203.3
CACERES,2022-03,2806068.37
CACERES,2022-04,1632181.42
CACERES,2022-05,700477.24
CACERES,2022-06,495425.41
CACERES,2022-07,384826.06
CACERES,2022-08,310475.44
CACERES,2022-09,400364.11
CACERES,2022-10,515765.29
CACERES,2022-11,1446783.52
CACERES,2022-12,2753189.36
CACERES,2023-01,3973816.55
CACERES,2023-02,3449810.19
CACERES,2023-03,1951378.9
CACERES,2023-04,799872.92
CACERES,2023-05,582465.03
CACERES,2023-06,422121.73
CACERES,2023-07,306324.16
CACERES,2023-08,260564.07
CACERES,2023-09,357576.06
CACERES,2023-10,534582.83
CACERES,2023-11,1595551.08
CACERES,2023-12,3288594.1
CACERES,2024-01,3472439.93
CACERES,2024-02,2582484.5
CACERES,2024-03,2115120.86
CACERES,2024-04,1058501.0
CACERES,2024-05,431202.07
CACERES,2024-06,46139.06
CADIZ,2021-10,948375.42
CADIZ,2021-11,1627387.88
CADIZ,2021-12,1733962.67
CADIZ,2022-01,2346417.55
CADIZ,2022-02,1944043.57
CADIZ,2022-03,2053697.27
CADIZ,2022-04,1874933.77
CADIZ,2022-05,1239090.3
CADIZ,2022-06,1106236.37
CADIZ,2022-07,1058985.47
CADIZ,2022-08,914751.71
CADIZ,2022-09,1030447.23
CADIZ,2022-10,881888.63
CADIZ,2022-11,1402232.43
CADIZ,2022-12,1842843.99
CADIZ,2023-01,2317862.91
CADIZ,2023-02,2210804.72
CADIZ,2023-03,1747470.11
CADIZ,2023-04,1209622.14
CADIZ,2023-05,1204023.12
CADIZ,2023-06,1029706.09
CADIZ,2023-07,908210.5
CADIZ,2023-08,804040.09
CADIZ,2023-09,869854.53
CADIZ,2023-10,856755.35
CADIZ,2023-11,1373515.43
CADIZ,2023-12,1854928.96
CADIZ,2024-01,1805268.07
CADIZ,2024-02,1477891.41
CADIZ,2024-03,1432556.13
CADIZ,2024-04,1165500.21
CADIZ,2024-05,761407.32
CADIZ,2024-06,170622.06
CANTABRIA,2021-10,2185283.0
CANTABRIA,2021-11,6650225.68
CANTABRIA,2021-12,8699286.8
CANTABRIA,2022-01,11343384.8
CANTABRIA,2022-02,6426708.25
CANTABRIA,2022-03,7177165.52
CANTABRIA,2022-04,5081594.65
CANTABRIA,2022-05,2846012.55
CANTABRIA,2022-06,4537561.26
CANTABRIA,2022-07,2049948.93
CANTABRIA,2022-08,1725056.25
CANTABRIA,2022-09,2022162.77
CANTABRIA,2022-10,2275239.4
CANTABRIA,2022-11,5432174.22
CANTABRIA,2022-12,8599676.97
CANTABRIA,2023-01,10750125.62
CANTABRIA,2023-02,10005076.16
CANTABRIA,2023-03,7027301.37
CANTABRIA,2023-04,3740629.64
CANTABRIA,2023-05,3060324.46
CANTABRIA,2023-06,2359763.16
CANTABRIA,2023-07,1890608.53
CANTABRIA,2023-08,1638855.6
CANTABRIA,2023-09,1918418.35
CANTABRIA,2023-10,2268591.27
CANTABRIA,2023-11,5080589.7
CANTABRIA,2023-12,8882022.68
CANTABRIA,2024-01,8935922.21
CANTABRIA,2024-02,6943347.75
CANTABRIA,2024-03,6354599.17
CANTABRIA,2024-04,4134217.68
CANTABRIA,2024-05,2291554.28
CANTABRIA,2024-06,408153.13
CASTELLON,2021-10,4851911.19
CASTELLON,2021-11,12764589.25
CASTELLON,2021-12,18128579.51
CASTELLON,2022-01,24165910.6
CASTELLON,2022-02,20583976.85
CASTELLON,2022-03,19507752.14
CASTELLON,2022-04,13995429.85
CASTELLON,2022-05,7210700.83
CASTELLON,2022-06,5630158.24
CASTELLON,2022-07,4986246.84
CASTELLON,2022-08,4077569.53
CASTELLON,2022-09,4705825.28
CASTELLON,2022-10,4444756.55
CASTELLON,2022-11,9304172.67
CASTELLON,2022-12,16175370.48
CASTELLON,2023-01,24685381.97
CASTELLON,2023-02,23912482.32
CASTELLON,2023-03,15403181.96
CASTELLON,2023-04,8101874.43
CASTELLON,2023-05,6653187.76
CASTELLON,2023-06,5066629.96
CASTELLON,2023-07,4124739.45
CASTELLON,2023-08,3728887.88
CASTELLON,2023-09,4156229.1
CASTELLON,2023-10,3830043.34
CASTELLON,2023-11,8556085.63
CASTELLON,2023-12,16515578.8
CASTELLON,2024-01,18630009.49
CASTELLON,2024-02,14270650.83
CASTELLON,2024-03,11683143.1
CASTELLON,2024-04,7679500.38
CASTELLON,2024-05,4769446.43
CASTELLON,2024-06,720003.54
CIUDAD REAL,2021-10,7156241.95
CIUDAD REAL,2021-11,34483491.45
CIUDAD REAL,2021-12,45123566.59
CIUDAD REAL,2022-01,56224845.4
CIUDAD REAL,2022-02,46287637.71
CIUDAD REAL,2022-03,40649968.51
CIUDAD REAL,2022-04,26707690.73
CIUDAD REAL,2022-05,9464473.8
CIUDAD REAL,2022-06,5477758.9
CIUDAD REAL,2022-07,4648542.35
CIUDAD REAL,2022-08,3810047.5
CIUDAD REAL,2022-09,4296114.0
CIUDAD REAL,2022-10,5919903.84
CIUDAD REAL,2022-11,21371448.74
CIUDAD REAL,2022-12,41989978.23
CIUDAD REAL,2023-01,60222876.69
CIUDAD REAL,2023-02,52563847.44
CIUDAD REAL,2023-03,29599753.08
CIUDAD REAL,2023-04,12026835.06
CIUDAD REAL,2023-05,8593237.43
CIUDAD REAL,2023-06,6501615.24
CIUDAD REAL,2023-07,4749203.45
CIUDAD REAL,2023-08,3575701.34
CIUDAD REAL,2023-09,4348038.79
CIUDAD REAL,2023-10,7531637.98
CIUDAD REAL,2023-11,24571601.07
CIUDAD REAL,2023-12,49397275.74
CIUDAD REAL,2024-01,48686843.17
CIUDAD REAL,2024-02,35219358.16
CIUDAD REAL,2024-03,28691203.72
CIUDAD REAL,2024-04,14424761.98
CIUDAD REAL,2024-05,7156319.96
CIUDAD REAL,2024-06,973072.27
CORDOBA,2021-10,2554651.95
CORDOBA,2021-11,5908432.94
CORDOBA,2021-12,5831531.04
CORDOBA,2022-01,8967911.16
CORDOBA,2022-02,6638369.55
CORDOBA,2022-03,6120371.63
CORDOBA,2022-04,5260161.27
CORDOBA,2022-05,2962266.83
CORDOBA,2022-06,2359690.86
CORDOBA,2022-07,2099228.95
CORDOBA,2022-08,1910363.41
CORDOBA,2022-09,2417818.32
CORDOBA,2022-10,2384710.87
CORDOBA,2022-11,4443682.0
CORDOBA,2022-12,6620068.27
CORDOBA,2023-01,8756238.22
CORDOBA,2023-02,8020620.05
CORDOBA,2023-03,5272191.06
CORDOBA,2023-04,2998498.17
CORDOBA,2023-05,2756442.24
CORDOBA,2023-06,2402746.29
CORDOBA,2023-07,2116956.95
CORDOBA,2023-08,1826799.13
CORDOBA,2023-09,2079136.64
CORDOBA,2023-10,2105438.67
CORDOBA,2023-11,4297784.94
CORDOBA,2023-12,6959013.32
CORDOBA,2024-01,7289554.17
CORDOBA,2024-02,5355452.52
CORDOBA,2024-03,4241262.41
CORDOBA,2024-04,2994307.81
CORDOBA,2024-05,1861213.08
CORDOBA,2024-06,385748.42
CUENCA,2021-10,1834998.6
CUENCA,2021-11,5295702.46
CUENCA,2021-12,8557649.4
CUENCA,2022-01,8719780.77
CUENCA,2022-02,7818287.05
CUENCA,2022-03,6691425.46
CUENCA,2022-04,5157781.29
CUENCA,2022-05,2074702.43
CUENCA,2022-06,979529.14
CUENCA,2022-07,787087.07
CUENCA,2022-08,665291.91
CUENCA,2022-09,913747.3
CUENCA,2022-10,1422654.48
CUENCA,2022-11,4281271.72
CUENCA,2022-12,7879377.42
CUENCA,2023-01,10807206.19
CUENCA,2023-02,9677903.83
CUENCA,2023-03,6049189.75
CUENCA,2023-04,2552654.12
CUENCA,2023-05,1731734.3
CUENCA,2023-06,1094820.17
CUENCA,2023-07,715968.89
CUENCA,2023-08,647109.76
CUENCA,2023-09,1027834.05
CUENCA,2023-10,1949788.81
CUENCA,2023-11,5005834.92
CUENCA,2023-12,8671440.44
CUENCA,2024-01,8215851.79
CUENCA,2024-02,6124640.64
CUENCA,2024-03,5405238.7
CUENCA,2024-04,3049059.51
CUENCA,2024-05,1671473.46
CUENCA,2024-06,250637.04
GIPUZKOA,2021-10,2656876.78
GIPUZKOA,2021-11,8074729.38
GIPUZKOA,2021-12,11681053.58
GIPUZKOA,2022-01,13644269.22
GIPUZKOA,2022-02,8512332.49
GIPUZKOA,2022-03,7742440.23
GIPUZKOA,2022-04,5918153.06
GIPUZKOA,2022-05,3081270.69
GIPUZKOA,2022-06,2416097.29
GIPUZKOA,2022-07,2152294.63
GIPUZKOA,2022-08,1801654.88
GIPUZKOA,2022-09,2159128.14
GIPUZKOA,2022-10,2816422.91
GIPUZKOA,2022-11,5432552.4
GIPUZKOA,2022-12,9441363.37
GIPUZKOA,2023-01,13143111.07
GIPUZKOA,2023-02,12092286.97
GIPUZKOA,2023-03,7655701.73
GIPUZKOA,2023-04,4069974.14
GIPUZKOA,2023-05,3326777.57
GIPUZKOA,2023-06,2478067.97
GIPUZKOA,2023-07,2008548.68
GIPUZKOA,2023-08,1739537.28
GIPUZKOA,2023-09,1976849.97
GIPUZKOA,2023-10,2247163.35
GIPUZKOA,2023-11,5700767.64
GIPUZKOA,2023-12,10196336.68
GIPUZKOA,2024-01,10700881.92
GIPUZKOA,2024-02,8253579.95
GIPUZKOA,2024-03,7139114.51
GIPUZKOA,2024-04,4798843.85
GIPUZKOA,2024-05,2787337.93
GIPUZKOA,2024-06,357545.18
GIRONA,2021-10,28839027.03
GIRONA,2021-11,94439472.3
GIRONA,2021-12,108713868.29
GIRONA,2022-01,162809390.71
GIRONA,2022-02,127944079.63
GIRONA,2022-03,110380792.89
GIRONA,2022-04,76945953.7
GIRONA,2022-05,37435329.58
GIRONA,2022-06,28917240.44
GIRONA,2022-07,26217734.91
GIRONA,2022-08,22688681.42
GIRONA,2022-09,25323955.19
GIRONA,2022-10,25866811.86
GIRONA,2022-11,67266872.83
GIRONA,2022-12,118026023.74
GIRONA,2023-01,162801701.88
GIRONA,2023-02,143637462.05
GIRONA,2023-03,88468974.48
GIRONA,2023-04,45642993.54
GIRONA,2023-05,36924464.56
GIRONA,2023-06,30372037.31
GIRONA,2023-07,25408827.53
GIRONA,2023-08,20060653.46
GIRONA,2023-09,20727041.98
GIRONA,2023-10,23458791.41
GIRONA,2023-11,61225205.48
GIRONA,2023-12,119429187.72
GIRONA,2024-01,122645193.4
GIRONA,2024-02,84615790.51
GIRONA,2024-03,64253164.78
GIRONA,2024-04,40120955.81
GIRONA,2024-05,22506462.65
GIRONA,2024-06,4344220.33
GRANADA,2021-10,4023712.46
GRANADA,2021-11,11880929.93
GRANADA,2021-12,14738764.09
GRANADA,2022-01,17552144.41
GRANADA,2022-02,14354192.34
GRANADA,2022-03,12763436.08
GRANADA,2022-04,9305456.7
GRANADA,2022-05,4543391.27
GRANADA,2022-06,3252576.7
GRANADA,2022-07,2813008.79
GRANADA,2022-08,2476129.66
GRANADA,2022-09,2893186.5
GRANADA,2022-10,3171746.29
GRANADA,2022-11,7486663.66
GRANADA,2022-12,12962581.45
GRANADA,2023-01,18182125.22
GRANADA,2023-02,16189417.41
GRANADA,2023-03,10012774.07
GRANADA,2023-04,4875025.04
GRANADA,2023-05,4029999.48
GRANADA,2023-06,3245075.79
GRANADA,2023-07,2685173.41
GRANADA,2023-08,2187487.98
GRANADA,2023-09,2400792.82
GRANADA,2023-10,3133143.75
GRANADA,2023-11,7885575.16
GRANADA,2023-12,14388095.36
GRANADA,2024-01,13969852.02
GRANADA,2024-02,10010494.94
GRANADA,2024-03,8139284.24
GRANADA,2024-04,4770295.69
GRANADA,2024-05,2459029.43
GRANADA,2024-06,399864.51
GUADALAJARA,2021-10,9613631.04
GUADALAJARA,2021-11,37475866.19
GUADALAJARA,2021-12,43001177.17
GUADALAJARA,2022-01,57137664.42
GUADALAJARA,2022-02,42671526.7
GUADALAJARA,2022-03,41155942.85
GUADALAJARA,2022-04,26328625.26
GUADALAJARA,2022-05,12138642.94
GUADALAJARA,2022-06,7442151.79
GUADALAJARA,2022-07,5865614.65
GUADALAJARA,2022-08,4802499.77
GUADALAJARA,2022-09,5752368.93
GUADALAJARA,2022-10,7965971.29
GUADALAJARA,2022-11,24902953.79
GUADALAJARA,2022-12,43489052.57
GUADALAJARA,2023-01,58357710.2
GUADALAJARA,2023-02,51279134.42
GUADALAJARA,2023-03,29858752.02
GUADALAJARA,2023-04,12949916.8
GUADALAJARA,2023-05,9294012.81
GUADALAJARA,2023-06,7310154.98
GUADALAJARA,2023-07,5424268.9
GUADALAJARA,2023-08,4105293.39
GUADALAJARA,2023-09,5137784.45
GUADALAJARA,2023-10,9149148.0
GUADALAJARA,2023-11,28017798.72
GUADALAJARA,2023-12,49341412.38
GUADALAJARA,2024-01,47931697.56
GUADALAJARA,2024-02,34623887.06
GUADALAJARA,2024-03,27804598.95
GUADALAJARA,2024-04,14656612.18
GUADALAJARA,2024-05,6453050.23
GUADALAJARA,2024-06,1303963.52
HUELVA,2021-10,1172578.33
HUELVA,2021-11,2068648.93
HUELVA,2021-12,2380039.48
HUELVA,2022-01,3285404.04
HUELVA,2022-02,2686332.89
HUELVA,2022-03,2745578.02
HUELVA,2022-04,2466674.69
HUELVA,2022-05,1494794.79
HUELVA,2022-06,1256730.81
HUELVA,2022-07,1173248.1
HUELVA,2022-08,1059930.63
HUELVA,2022-09,1238943.5
HUELVA,2022-10,1133878.21
HUELVA,2022-11,1909859.92
HUELVA,2022-12,2598288.83
HUELVA,2023-01,3202758.17
HUELVA,2023-02,2988285.35
HUELVA,2023-03,2182797.58
HUELVA,2023-04,1609356.63
HUELVA,2023-05,1531084.0
HUELVA,2023-06,1319332.07
HUELVA,2023-07,1114951.49
HUELVA,2023-08,929425.52
HUELVA,2023-09,1049584.11
HUELVA,2023-10,1014864.76
HUELVA,2023-11,1859834.92
HUELVA,2023-12,2676836.06
HUELVA,2024-01,2617529.08
HUELVA,2024-02,2142091.39
HUELVA,2024-03,2009397.0
HUELVA,2024-04,1609209.52
HUELVA,2024-05,1039568.32
HUELVA,2024-06,211060.34
HUESCA,2021-10,389925.85
HUESCA,2021-11,1734812.24
HUESCA,2021-12,2351697.73
HUESCA,2022-01,2694542.25
HUESCA,2022-02,1616446.19
HUESCA,2022-03,1706581.19
HUESCA,2022-04,941738.87
HUESCA,2022-05,397173.58
HUESCA,2022-06,228074.08
HUESCA,2022-07,191274.31
HUESCA,2022-08,155007.55
HUESCA,2022-09,210797.57
HUESCA,2022-10,339648.42
HUESCA,2022-11,1137595.92
HUESCA,2022-12,2078342.54
HUESCA,2023-01,2693411.62
HUESCA,2023-02,2302856.2
HUESCA,2023-03,1430876.33
HUESCA,2023-04,675131.32
HUESCA,2023-05,492926.92
HUESCA,2023-06,291539.97
HUESCA,2023-07,179722.84
HUESCA,2023-08,153732.37
HUESCA,2023-09,219389.27
HUESCA,2023-10,355574.13
HUESCA,2023-11,1102610.21
HUESCA,2023-12,2114253.88
HUESCA,2024-01,2299255.8
HUESCA,2024-02,1672188.76
HUESCA,2024-03,1290501.32
HUESCA,2024-04,701930.9
HUESCA,2024-05,373989.17
HUESCA,2024-06,66887.74
JAEN,2021-10,815985.88
JAEN,2021-11,3164002.41
JAEN,2021-12,4065858.58
JAEN,2022-01,4885946.72
JAEN,2022-02,3870237.42
JAEN,2022-03,3444424.72
JAEN,2022-04,2296108.12
JAEN,2022-05,1006000.41
JAEN,2022-06,666177.19
JAEN,2022-07,539176.8
JAEN,2022-08,472347.21
JAEN,2022-09,569658.18
JAEN,2022-10,668608.29
JAEN,2022-11,1840010.16
JAEN,2022-12,3364335.47
JAEN,2023-01,5085368.68
JAEN,2023-02,4539871.06
JAEN,2023-03,2625755.91
JAEN,2023-04,1195423.09
JAEN,2023-05,826973.07
JAEN,2023-06,643311.21
JAEN,2023-07,554896.22
JAEN,2023-08,486174.3
JAEN,2023-09,555703.98
JAEN,2023-10,759079.89
JAEN,2023-11,2052364.98
JAEN,2023-12,3831425.47
JAEN,2024-01,3993591.36
JAEN,2024-02,2816559.6
JAEN,2024-03,2123269.55
JAEN,2024-04,1135173.97
JAEN,2024-05,555940.4
JAEN,2024-06,103567.85
LA RIOJA,2021-10,8307677.66
LA RIOJA,2021-11,27696349.87
LA RIOJA,2021-12,39060243.04
LA RIOJA,2022-01,44690437.6
LA RIOJA,2022-02,36162197.12
LA RIOJA,2022-03,31531889.03
LA RIOJA,2022-04,21497932.01
LA RIOJA,2022-05,8859633.18
LA RIOJA,2022-06,5858092.87
LA RIOJA,2022-07,5184914.71
LA RIOJA,2022-08,4525798.74
LA RIOJA,2022-09,5314706.36
LA RIOJA,2022-10,6356905.96
LA RIOJA,2022-11,19736091.3
LA RIOJA,2022-12,35705513.94
LA RIOJA,2023-01,47684194.04
LA RIOJA,2023-02,40889305.39
LA RIOJA,2023-03,24341570.21
LA RIOJA,2023-04,11400329.59
LA RIOJA,2023-05,8394623.59
LA RIOJA,2023-06,6405516.46
LA RIOJA,2023-07,5193911.27
LA RIOJA,2023-08,3986571.37
LA RIOJA,2023-09,4239080.62
LA RIOJA,2023-10,6072123.45
LA RIOJA,2023-11,17405495.83
LA RIOJA,2023-12,33923181.21
LA RIOJA,2024-01,35808265.19
LA RIOJA,2024-02,25945882.96
LA RIOJA,2024-03,20170622.64
LA RIOJA,2024-04,12336082.77
LA RIOJA,2024-05,7329160.85
LA RIOJA,2024-06,1417053.12
LAS PALMAS,2022-04,23.84
LAS PALMAS,2022-05,75.09
LAS PALMAS,2022-08,86.0
LAS PALMAS,2023-08,41.83
LAS PALMAS,2023-09,0.0
LAS PALMAS,2023-10,0.0
LAS PALMAS,2023-11,0.0
LAS PALMAS,2023-12,0.0
LAS PALMAS,2024-01,0.0
LAS PALMAS,2024-02,0.0
LAS PALMAS,2024-03,0.0
LAS PALMAS,2024-04,0.0
LAS PALMAS,2024-05,0.0
LAS PALMAS,2024-06,0.0
LEON,2021-10,7444922.83
LEON,2021-11,21425065.17
LEON,2021-12,30255749.09
LEON,2022-01,34410222.99
LEON,2022-02,28532076.31
LEON,2022-03,25382714.66
LEON,2022-04,18317599.22
LEON,2022-05,7687254.29
LEON,2022-06,4853075.35
LEON,2022-07,4195633.69
LEON,2022-08,3952882.89
LEON,2022-09,4731940.69
LEON,2022-10,7140819.37
LEON,2022-11,20756694.6
LEON,2022-12,32203277.49
LEON,2023-01,40578135.82
LEON,2023-02,36011918.36
LEON,2023-03,23535972.59
LEON,2023-04,11671221.02
LEON,2023-05,8080352.37
LEON,2023-06,5233783.25
LEON,2023-07,3835283.76
LEON,2023-08,3147396.75
LEON,2023-09,3774991.88
LEON,2023-10,6577660.91
LEON,2023-11,18503793.45
LEON,2023-12,31472815.27
LEON,2024-01,30688590.64
LEON,2024-02,23002929.33
LEON,2024-03,19293318.48
LEON,2024-04,12364804.43
LEON,2024-05,6560795.15
LEON,2024-06,823267.33
LLEIDA,2021-10,12971235.98
LLEIDA,2021-11,42490975.29
LLEIDA,2021-12,60797790.34
LLEIDA,2022-01,76968950.19
LLEIDA,2022-02,56549473.43
LLEIDA,2022-03,47185630.58
LLEIDA,2022-04,30245812.04
LLEIDA,2022-05,13300580.65
LLEIDA,2022-06,9415968.51
LLEIDA,2022-07,8822340.86
LLEIDA,2022-08,8258565.82
LLEIDA,2022-09,9259382.27
LLEIDA,2022-10,9154569.55
LLEIDA,2022-11,28407191.0
LLEIDA,2022-12,55416918.02
LLEIDA,2023-01,77556581.18
LLEIDA,2023-02,65916759.09
LLEIDA,2023-03,38009502.75
LLEIDA,2023-04,17385002.51
LLEIDA,2023-05,12437156.84
LLEIDA,2023-06,9167008.58
LLEIDA,2023-07,7526824.63
LLEIDA,2023-08,6654473.35
LLEIDA,2023-09,7550979.18
LLEIDA,2023-10,9342059.07
LLEIDA,2023-11,27379970.01
LLEIDA,2023-12,59299560.64
LLEIDA,2024-01,62826455.64
LLEIDA,2024-02,44536899.41
LLEIDA,2024-03,33233529.2
LLEIDA,2024-04,18739809.7
LLEIDA,2024-05,10606336.12
LLEIDA,2024-06,1451908.33
LUGO,2021-10,3554267.03
LUGO,2021-11,9656514.22
LUGO,2021-12,11729869.84
LUGO,2022-01,14747371.23
LUGO,2022-02,13405593.48
LUGO,2022-03,12038628.88
LUGO,2022-04,8634483.63
LUGO,2022-05,4494513.36
LUGO,2022-06,3590446.0
LUGO,2022-07,3342261.8
LUGO,2022-08,2891989.21
LUGO,2022-09,3054970.42
LUGO,2022-10,3245457.16
LUGO,2022-11,7959773.62
LUGO,2022-12,12826831.9
LUGO,2023-01,16898157.98
LUGO,2023-02,16375204.7
LUGO,2023-03,11243831.87
LUGO,2023-04,5987650.14
LUGO,2023-05,4678854.15
LUGO,2023-06,3615455.69
LUGO,2023-07,2871655.33
LUGO,2023-08,2376322.92
LUGO,2023-09,2694795.34
LUGO,2023-10,3502958.05
LUGO,2023-11,8650380.94
LUGO,2023-12,14714998.37
LUGO,2024-01,13649934.3
LUGO,2024-02,10252530.87
LUGO,2024-03,9014702.15
LUGO,2024-04,6189487.61
LUGO,2024-05,3815458.82
LUGO,2024-06,695753.0
MADRID,2021-10,120533821.59
MADRID,2021-11,389876992.26
MADRID,2021-12,499594411.73
MADRID,2022-01,621238491.48
MADRID,2022-02,474416708.54
MADRID,2022-03,456430205.85
MADRID,2022-04,319555441.96
MADRID,2022-05,151385308.47
MADRID,2022-06,107467918.47
MADRID,2022-07,91343316.2
MADRID,2022-08,74752796.77
MADRID,2022-09,89796312.78
MADRID,2022-10,109570548.53
MADRID,2022-11,305194962.4
MADRID,2022-12,516676972.67
MADRID,2023-01,678286007.58
MADRID,2023-02,581706611.23
MADRID,2023-03,355377465.17
MADRID,2023-04,169366794.25
MADRID,2023-05,134075648.85
MADRID,2023-06,106156893.15
MADRID,2023-07,80737338.65
MADRID,2023-08,66443136.56
MADRID,2023-09,82414273.24
MADRID,2023-10,126033576.68
MADRID,2023-11,327076132.23
MADRID,2023-12,543737675.97
MADRID,2024-01,538069972.63
MADRID,2024-02,405056477.45
MADRID,2024-03,340360479.41
MADRID,2024-04,194896345.16
MADRID,2024-05,101043865.08
MADRID,2024-06,16084284.28
MALAGA,2021-10,5144636.95
MALAGA,2021-11,8032496.62
MALAGA,2021-12,9145668.69
MALAGA,2022-01,10828504.78
MALAGA,2022-02,9948832.45
MALAGA,2022-03,10145173.68
MALAGA,2022-04,9341446.93
MALAGA,2022-05,5752110.14
MALAGA,2022-06,5471978.62
MALAGA,2022-07,5502190.51
MALAGA,2022-08,5294931.99
MALAGA,2022-09,5899734.0
MALAGA,2022-10,5080259.19
MALAGA,2022-11,7937056.04
MALAGA,2022-12,9834611.58
MALAGA,2023-01,11583579.39
MALAGA,2023-02,10755551.44
MALAGA,2023-03,8212325.94
MALAGA,2023-04,5909483.23
MALAGA,2023-05,5963573.79
MALAGA,2023-06,5503857.87
MALAGA,2023-07,5000485.26
MALAGA,2023-08,4253002.97
MALAGA,2023-09,4546626.83
MALAGA,2023-10,4186430.86
MALAGA,2023-11,7458815.71
MALAGA,2023-12,9227686.57
MALAGA,2024-01,8883494.7
MALAGA,2024-02,7599155.44
MALAGA,2024-03,7220792.44
MALAGA,2024-04,5872788.78
MALAGA,2024-05,3769932.02
MALAGA,2024-06,588289.25
MURCIA,2021-10,1226483.81
MURCIA,2021-11,3111200.14
MURCIA,2021-12,5002530.38
MURCIA,2022-01,6170870.15
MURCIA,2022-02,4641968.56
MURCIA,2022-03,4602281.53
MURCIA,2022-04,3684955.42
MURCIA,2022-05,1856415.36
MURCIA,2022-06,1606635.67
MURCIA,2022-07,1300575.07
MURCIA,2022-08,1083519.12
MURCIA,2022-09,1301675.52
MURCIA,2022-10,1135440.86
MURCIA,2022-11,2544227.07
MURCIA,2022-12,4049510.89
MURCIA,2023-01,5945384.83
MURCIA,2023-02,5909769.48
MURCIA,2023-03,3679974.33
MURCIA,2023-04,1979099.2
MURCIA,2023-05,1683096.62
MURCIA,2023-06,1338686.4
MURCIA,2023-07,989341.85
MURCIA,2023-08,846304.79
MURCIA,2023-09,1004360.17
MURCIA,2023-10,991342.36
MURCIA,2023-11,2393396.18
MURCIA,2023-12,4419981.21
MURCIA,2024-01,4859123.5
MURCIA,2024-02,3806033.36
MURCIA,2024-03,3152396.67
MURCIA,2024-04,1961732.84
MURCIA,2024-05,1125500.1
MURCIA,2024-06,174195.81
NAVARRA,2021-10,18406582.68
NAVARRA,2021-11,65192391.15
NAVARRA,2021-12,74440209.9
NAVARRA,2022-01,98595132.68
NAVARRA,2022-02,74994341.59
NAVARRA,2022-03,66936917.88
NAVARRA,2022-04,46334268.7
NAVARRA,2022-05,20753066.31
NAVARRA,2022-06,13903448.44
NAVARRA,2022-07,11499177.79
NAVARRA,2022-08,9915410.56
NAVARRA,2022-09,11069027.24
NAVARRA,2022-10,13089755.95
NAVARRA,2022-11,42222346.33
NAVARRA,2022-12,76717345.03
NAVARRA,2023-01,100303881.06
NAVARRA,2023-02,87557442.63
NAVARRA,2023-03,54270876.54
NAVARRA,2023-04,26513371.17
NAVARRA,2023-05,19950529.65
NAVARRA,2023-06,14753808.59
NAVARRA,2023-07,11276945.32
NAVARRA,2023-08,8949871.18
NAVARRA,2023-09,9553228.01
NAVARRA,2023-10,12941456.79
NAVARRA,2023-11,38347952.16
NAVARRA,2023-12,71730231.11
NAVARRA,2024-01,72528145.09
NAVARRA,2024-02,54262434.65
NAVARRA,2024-03,44005229.22
NAVARRA,2024-04,26402150.0
NAVARRA,2024-05,14613217.87
NAVARRA,2024-06,2475998.81
OURENSE,2021-10,4383856.46
OURENSE,2021-11,10097838.81
OURENSE,2021-12,11420262.21
OURENSE,2022-01,15455996.51
OURENSE,2022-02,13459486.46
OURENSE,2022-03,11793152.91
OURENSE,2022-04,8355143.06
OURENSE,2022-05,4191523.06
OURENSE,2022-06,3419204.48
OURENSE,2022-07,3008026.95
OURENSE,2022-08,2376814.32
OURENSE,2022-09,2546140.8
OURENSE,2022-10,2896444.64
OURENSE,2022-11,7608664.8
OURENSE,2022-12,12798846.48
OURENSE,2023-01,17025073.6
OURENSE,2023-02,15524289.64
OURENSE,2023-03,10417484.74
OURENSE,2023-04,5372695.45
OURENSE,2023-05,4400195.4
OURENSE,2023-06,3239807.49
OURENSE,2023-07,2378045.99
OURENSE,2023-08,2031369.96
OURENSE,2023-09,2435891.61
OURENSE,2023-10,3069014.64
OURENSE,2023-11,7967574.91
OURENSE,2023-12,14434695.9
OURENSE,2024-01,13848705.02
OURENSE,2024-02,10376627.94
OURENSE,2024-03,8956874.47
OURENSE,2024-04,5481467.04
OURENSE,2024-05,2883420.18
OURENSE,2024-06,491898.98
PALENCIA,2021-10,4720839.96
PALENCIA,2021-11,16543934.13
PALENCIA,2021-12,18506566.94
PALENCIA,2022-01,23519503.29
PALENCIA,2022-02,19526327.18
PALENCIA,2022-03,16863701.87
PALENCIA,2022-04,12188083.27
PALENCIA,2022-05,4860739.46
PALENCIA,2022-06,2840223.72
PALENCIA,2022-07,2305522.17
PALENCIA,2022-08,1925697.8
PALENCIA,2022-09,2490793.64
PALENCIA,2022-10,3741621.04
PALENCIA,2022-11,11800856.23
PALENCIA,2022-12,20529674.98
PALENCIA,2023-01,26304307.01
PALENCIA,2023-02,23458435.87
PALENCIA,2023-03,14773494.99
PALENCIA,2023-04,6838419.55
PALENCIA,2023-05,4455189.53
PALENCIA,2023-06,3075109.04
PALENCIA,2023-07,2457343.45
PALENCIA,2023-08,1851389.21
PALENCIA,2023-09,2220660.68
PALENCIA,2023-10,4060396.0
PALENCIA,2023-11,11754730.05
PALENCIA,2023-12,20553937.87
PALENCIA,2024-01,20176713.29
PALENCIA,2024-02,14742392.04
PALENCIA,2024-03,11932984.91
PALENCIA,2024-04,7200202.18
PALENCIA,2024-05,3975246.04
PALENCIA,2024-06,679585.65
PONTEVEDRA,2021-10,12244048.83
PONTEVEDRA,2021-11,29921698.2
PONTEVEDRA,2021-12,33002921.97
PONTEVEDRA,2022-01,46553082.11
PONTEVEDRA,2022-02,39132416.03
PONTEVEDRA,2022-03,35288315.13
PONTEVEDRA,2022-04,26866819.42
PONTEVEDRA,2022-05,15252160.81
PONTEVEDRA,2022-06,13090751.35
PONTEVEDRA,2022-07,12190414.94
PONTEVEDRA,2022-08,10751474.18
PONTEVEDRA,2022-09,11657496.87
PONTEVEDRA,2022-10,11099025.08
PONTEVEDRA,2022-11,24415389.04
PONTEVEDRA,2022-12,38387475.59
PONTEVEDRA,2023-01,50249866.17
PONTEVEDRA,2023-02,46369845.52
PONTEVEDRA,2023-03,32082363.14
PONTEVEDRA,2023-04,18261348.82
PONTEVEDRA,2023-05,16289676.14
PONTEVEDRA,2023-06,14061730.51
PONTEVEDRA,2023-07,11573180.95
PONTEVEDRA,2023-08,9834758.51
PONTEVEDRA,2023-09,10928754.23
PONTEVEDRA,2023-10,11935685.1
PONTEVEDRA,2023-11,26477450.83
PONTEVEDRA,2023-12,43669739.6
PONTEVEDRA,2024-01,42630444.73
PONTEVEDRA,2024-02,32994776.58
PONTEVEDRA,2024-03,28918280.95
PONTEVEDRA,2024-04,19367737.5
PONTEVEDRA,2024-05,11707437.14
PONTEVEDRA,2024-06,2311388.39
SALAMANCA,2021-10,6713292.52
SALAMANCA,2021-11,22340039.58
SALAMANCA,2021-12,28309251.13
SALAMANCA,2022-01,35404954.32
SALAMANCA,2022-02,28984299.76
SALAMANCA,2022-03,26245511.9
SALAMANCA,2022-04,18040623.03
SALAMANCA,2022-05,7580504.72
SALAMANCA,2022-06,4810184.57
SALAMANCA,2022-07,4071676.23
SALAMANCA,2022-08,3419688.72
SALAMANCA,2022-09,3986978.5
SALAMANCA,2022-10,5400899.99
SALAMANCA,2022-11,16674964.76
SALAMANCA,2022-12,28567678.8
SALAMANCA,2023-01,37758894.1
SALAMANCA,2023-02,33752593.57
SALAMANCA,2023-03,20920411.11
SALAMANCA,2023-04,9553729.54
SALAMANCA,2023-05,6712734.63
SALAMANCA,2023-06,4711301.27
SALAMANCA,2023-07,3607837.92
SALAMANCA,2023-08,2854329.21
SALAMANCA,2023-09,3506241.38
SALAMANCA,2023-10,6321326.39
SALAMANCA,2023-11,17868384.35
SALAMANCA,2023-12,30931218.84
SALAMANCA,2024-01,29300995.92
SALAMANCA,2024-02,21783341.87
SALAMANCA,2024-03,18755315.5
SALAMANCA,2024-04,11449828.98
SALAMANCA,2024-05,6107792.55
SALAMANCA,2024-06,981122.16
SEGOVIA,2021-10,4312486.75
SEGOVIA,2021-11,15218747.06
SEGOVIA,2021-12,18008439.32
SEGOVIA,2022-01,22266357.69
SEGOVIA,2022-02,16483364.81
SEGOVIA,2022-03,17767642.21
SEGOVIA,2022-04,12382848.95
SEGOVIA,2022-05,5061530.1
SEGOVIA,2022-06,3239548.92
SEGOVIA,2022-07,2596789.28
SEGOVIA,2022-08,2048216.13
SEGOVIA,2022-09,2600269.95
SEGOVIA,2022-10,4000273.75
SEGOVIA,2022-11,10906525.27
SEGOVIA,2022-12,18122218.78
SEGOVIA,2023-01,23566109.12
SEGOVIA,2023-02,21665092.01
SEGOVIA,2023-03,13715294.69
SEGOVIA,2023-04,6560366.7
SEGOVIA,2023-05,4688741.98
SEGOVIA,2023-06,3409584.02
SEGOVIA,2023-07,2596854.71
SEGOVIA,2023-08,2003259.58
SEGOVIA,2023-09,2483928.3
SEGOVIA,2023-10,4257700.0
SEGOVIA,2023-11,11581433.81
SEGOVIA,2023-12,19225140.16
SEGOVIA,2024-01,18723452.17
SEGOVIA,2024-02,13856644.81
SEGOVIA,2024-03,11987524.73
SEGOVIA,2024-04,7696021.06
SEGOVIA,2024-05,4323612.11
SEGOVIA,2024-06,901978.58
SEVILLA,2021-10,8278798.41
SEVILLA,2021-11,14681665.92
SEVILLA,2021-12,16787009.11
SEVILLA,2022-01,20497634.23
SEVILLA,2022-02,17959997.82
SEVILLA,2022-03,17590944.09
SEVILLA,2022-04,15455357.37
SEVILLA,2022-05,9591668.36
SEVILLA,2022-06,8468571.25
SEVILLA,2022-07,7739697.65
SEVILLA,2022-08,7294498.43
SEVILLA,2022-09,8498762.99
SEVILLA,2022-10,7532918.23
SEVILLA,2022-11,13040741.62
SEVILLA,2022-12,17199946.51
SEVILLA,2023-01,22136117.42
SEVILLA,2023-02,20612626.0
SEVILLA,2023-03,16611326.92
SEVILLA,2023-04,10984373.14
SEVILLA,2023-05,9844409.67
SEVILLA,2023-06,8442566.81
SEVILLA,2023-07,6950007.59
SEVILLA,2023-08,6126723.04
SEVILLA,2023-09,7232080.66
SEVILLA,2023-10,7168469.1
SEVILLA,2023-11,13355125.19
SEVILLA,2023-12,19126501.97
SEVILLA,2024-01,18503440.56
SEVILLA,2024-02,14484834.68
SEVILLA,2024-03,13128969.62
SEVILLA,2024-04,10171940.93
SEVILLA,2024-05,6072096.36
SEVILLA,2024-06,1019555.45
SORIA,2021-10,1750501.18
SORIA,2021-11,5247854.84
SORIA,2021-12,6804212.74
SORIA,2022-01,7501138.06
SORIA,2022-02,6450519.61
SORIA,2022-03,5970431.27
SORIA,2022-04,4780755.1
SORIA,2022-05,2006176.67
SORIA,2022-06,1095617.48
SORIA,2022-07,973850.44
SORIA,2022-08,880919.17
SORIA,2022-09,1033517.9
SORIA,2022-10,1339540.95
SORIA,2022-11,3890305.73
SORIA,2022-12,6509615.87
SORIA,2023-01,8645133.93
SORIA,2023-02,7635602.0
SORIA,2023-03,5056652.39
SORIA,2023-04,2673809.09
SORIA,2023-05,1996957.98
SORIA,2023-06,1292411.72
SORIA,2023-07,861061.52
SORIA,2023-08,703404.1
SORIA,2023-09,928822.33
SORIA,2023-10,1457124.92
SORIA,2023-11,3807749.26
SORIA,2023-12,6278806.07
SORIA,2024-01,6130128.39
SORIA,2024-02,4597249.73
SORIA,2024-03,3957106.21
SORIA,2024-04,2478039.68
SORIA,2024-05,1322382.51
SORIA,2024-06,159640.57
TARRAGONA,2021-10,16302913.55
TARRAGONA,2021-11,44585515.18
TARRAGONA,2021-12,56684896.92
TARRAGONA,2022-01,77592395.95
TARRAGONA,2022-02,61815417.68
TARRAGONA,2022-03,55446256.64
TARRAGONA,2022-04,37606615.99
TARRAGONA,2022-05,18239874.49
TARRAGONA,2022-06,15384190.71
TARRAGONA,2022-07,14600613.88
TARRAGONA,2022-08,13140028.76
TARRAGONA,2022-09,13707438.62
TARRAGONA,2022-10,12672972.46
TARRAGONA,2022-11,32002601.05
TARRAGONA,2022-12,53842722.19
TARRAGONA,2023-01,74890467.87
TARRAGONA,2023-02,70740545.85
TARRAGONA,2023-03,44679090.35
TARRAGONA,2023-04,22833617.68
TARRAGONA,2023-05,17739365.89
TARRAGONA,2023-06,14247148.68
TARRAGONA,2023-07,12176343.63
TARRAGONA,2023-08,10962848.28
TARRAGONA,2023-09,11571222.28
TARRAGONA,2023-10,11171975.41
TARRAGONA,2023-11,27459209.09
TARRAGONA,2023-12,51939618.06
TARRAGONA,2024-01,54287918.47
TARRAGONA,2024-02,42408640.08
TARRAGONA,2024-03,35343189.49
TARRAGONA,2024-04,23113755.37
TARRAGONA,2024-05,12451959.86
TARRAGONA,2024-06,1606816.64
TERUEL,2021-10,365119.99
TERUEL,2021-11,1296507.81
TERUEL,2021-12,2038842.1
TERUEL,2022-01,2254559.0
TERUEL,2022-02,1717803.31
TERUEL,2022-03,1583204.07
TERUEL,2022-04,1226467.47
TERUEL,2022-05,493243.27
TERUEL,2022-06,310758.38
TERUEL,2022-07,258779.24
TERUEL,2022-08,239775.57
TERUEL,2022-09,286330.73
TERUEL,2022-10,311073.88
TERUEL,2022-11,941213.54
TERUEL,2022-12,1630277.38
TERUEL,2023-01,2246743.75
TERUEL,2023-02,2156821.22
TERUEL,2023-03,1342268.17
TERUEL,2023-04,596511.68
TERUEL,2023-05,391029.85
TERUEL,2023-06,250088.57
TERUEL,2023-07,163378.88
TERUEL,2023-08,125945.88
TERUEL,2023-09,181767.27
TERUEL,2023-10,286300.9
TERUEL,2023-11,829668.12
TERUEL,2023-12,1596630.18
TERUEL,2024-01,1671073.15
TERUEL,2024-02,1278794.58
TERUEL,2024-03,1017837.19
TERUEL,2024-04,555827.86
TERUEL,2024-05,294548.9
TERUEL,2024-06,26624.86
TOLEDO,2021-10,4883572.92
TOLEDO,2021-11,19843969.14
TOLEDO,2021-12,24906356.13
TOLEDO,2022-01,32461466.53
TOLEDO,2022-02,26752131.22
TOLEDO,2022-03,24013551.54
TOLEDO,2022-04,15674370.78
TOLEDO,2022-05,5735963.02
TOLEDO,2022-06,3654896.97
TOLEDO,2022-07,2567603.72
TOLEDO,2022-08,2054958.92
TOLEDO,2022-09,2613876.77
TOLEDO,2022-10,4008437.76
TOLEDO,2022-11,13273290.78
TOLEDO,2022-12,23930980.42
TOLEDO,2023-01,34261085.87
TOLEDO,2023-02,30217702.54
TOLEDO,2023-03,16667943.88
TOLEDO,2023-04,6714839.65
TOLEDO,2023-05,4248600.16
TOLEDO,2023-06,3174059.97
TOLEDO,2023-07,2221185.91
TOLEDO,2023-08,1768265.65
TOLEDO,2023-09,2373448.72
TOLEDO,2023-10,4234345.5
TOLEDO,2023-11,13569016.58
TOLEDO,2023-12,25118315.93
TOLEDO,2024-01,24999716.74
TOLEDO,2024-02,17262074.16
TOLEDO,2024-03,12688430.66
TOLEDO,2024-04,6246100.88
TOLEDO,2024-05,2737754.53
TOLEDO,2024-06,518542.72
VALENCIA,2021-10,27078503.37
VALENCIA,2021-11,70939325.91
VALENCIA,2021-12,95417983.69
VALENCIA,2022-01,115142681.26
VALENCIA,2022-02,110248755.46
VALENCIA,2022-03,105600074.35
VALENCIA,2022-04,79119393.69
VALENCIA,2022-05,39144737.98
VALENCIA,2022-06,30867611.51
VALENCIA,2022-07,27686202.97
VALENCIA,2022-08,23512423.27
VALENCIA,2022-09,26456801.01
VALENCIA,2022-10,25381263.41
VALENCIA,2022-11,52667608.79
VALENCIA,2022-12,85973873.76
VALENCIA,2023-01,130786669.12
VALENCIA,2023-02,127253702.78
VALENCIA,2023-03,81082907.69
VALENCIA,2023-04,44034687.08
VALENCIA,2023-05,38879310.33
VALENCIA,2023-06,30374795.22
VALENCIA,2023-07,22996021.05
VALENCIA,2023-08,18922923.27
VALENCIA,2023-09,21330534.03
VALENCIA,2023-10,22573732.39
VALENCIA,2023-11,49992189.98
VALENCIA,2023-12,89988863.4
VALENCIA,2024-01,97407447.86
VALENCIA,2024-02,76281183.85
VALENCIA,2024-03,64236263.31
VALENCIA,2024-04,40915781.0
VALENCIA,2024-05,22333674.19
VALENCIA,2024-06,3204485.27
VALLADOLID,2021-10,16567369.97
VALLADOLID,2021-11,59417743.7
VALLADOLID,2021-12,73961111.02
VALLADOLID,2022-01,85815684.53
VALLADOLID,2022-02,72339522.14
VALLADOLID,2022-03,64366446.15
VALLADOLID,2022-04,42692395.7
VALLADOLID,2022-05,18058048.81
VALLADOLID,2022-06,11230485.22
VALLADOLID,2022-07,9035136.6
VALLADOLID,2022-08,7691678.27
VALLADOLID,2022-09,10073302.07
VALLADOLID,2022-10,13987191.52
VALLADOLID,2022-11,43423650.76
VALLADOLID,2022-12,75953181.89
VALLADOLID,2023-01,97960936.96
VALLADOLID,2023-02,86392082.94
VALLADOLID,2023-03,52987155.53
VALLADOLID,2023-04,23365032.84
VALLADOLID,2023-05,15490841.8
VALLADOLID,2023-06,12240001.43
VALLADOLID,2023-07,9690982.59
VALLADOLID,2023-08,6487542.13
VALLADOLID,2023-09,8075017.57
VALLADOLID,2023-10,15423812.41
VALLADOLID,2023-11,45718205.42
VALLADOLID,2023-12,79619368.57
VALLADOLID,2024-01,76174812.77
VALLADOLID,2024-02,56897698.95
VALLADOLID,2024-03,47200972.19
VALLADOLID,2024-04,28406440.91
VALLADOLID,2024-05,16132416.74
VALLADOLID,2024-06,2689727.69
ZAMORA,2021-10,3502075.13
ZAMORA,2021-11,11616692.16
ZAMORA,2021-12,15617006.88
ZAMORA,2022-01,18779560.76
ZAMORA,2022-02,15556747.29
ZAMORA,2022-03,13479321.92
ZAMORA,2022-04,8807403.9
ZAMORA,2022-05,3817910.39
ZAMORA,2022-06,2265376.29
ZAMORA,2022-07,2030382.32
ZAMORA,2022-08,1752229.26
ZAMORA,2022-09,2086475.56
ZAMORA,2022-10,3018233.28
ZAMORA,2022-11,9194878.33
ZAMORA,2022-12,15720583.74
ZAMORA,2023-01,20952117.5
ZAMORA,2023-02,18673379.41
ZAMORA,2023-03,11541794.62
ZAMORA,2023-04,5149404.48
ZAMORA,2023-05,3546307.15
ZAMORA,2023-06,2492366.04
ZAMORA,2023-07,1922322.55
ZAMORA,2023-08,1457215.82
ZAMORA,2023-09,1833212.58
ZAMORA,2023-10,3264728.82
ZAMORA,2023-11,9897136.87
ZAMORA,2023-12,18169356.9
ZAMORA,2024-01,17858282.47
ZAMORA,2024-02,12850419.0
ZAMORA,2024-03,10545853.38
ZAMORA,2024-04,6227197.4
ZAMORA,2024-05,3511547.92
ZAMORA,2024-06,552998.53
ZARAGOZA,2021-10,3687770.2
ZARAGOZA,2021-11,16791972.85
ZARAGOZA,2021-12,24918938.83
ZARAGOZA,2022-01,29978960.92
ZARAGOZA,2022-02,17984141.34
ZARAGOZA,2022-03,16516574.59
ZARAGOZA,2022-04,10245046.89
ZARAGOZA,2022-05,4199531.91
ZARAGOZA,2022-06,2513816.39
ZARAGOZA,2022-07,1952984.66
ZARAGOZA,2022-08,1587397.07
ZARAGOZA,2022-09,2178921.69
ZARAGOZA,2022-10,3146332.67
ZARAGOZA,2022-11,10834574.46
ZARAGOZA,2022-12,20306801.13
ZARAGOZA,2023-01,26989470.27
ZARAGOZA,2023-02,22901598.05
ZARAGOZA,2023-03,12850848.0
ZARAGOZA,2023-04,5058769.91
ZARAGOZA,2023-05,3027286.49
ZARAGOZA,2023-06,1947295.03
ZARAGOZA,2023-07,1394853.81
ZARAGOZA,2023-08,1168819.7
ZARAGOZA,2023-09,1617958.58
ZARAGOZA,2023-10,2459718.37
ZARAGOZA,2023-11,8607455.7
ZARAGOZA,2023-12,19053319.98
ZARAGOZA,2024-01,21474302.47
ZARAGOZA,2024-02,15235341.61
ZARAGOZA,2024-03,10732011.93
ZARAGOZA,2024-04,5235653.38
ZARAGOZA,2024-05,2652024.39
ZARAGOZA,2024-06,457789.5
