PROVINCIA,AÑO_MES,Consumo_kWh,%_Consumo
A CORUÑA,2021-10,10695536.73,1.84
A CORUÑA,2021-11,24993254.09,1.38
A CORUÑA,2021-12,31367381.77,1.37
A CORUÑA,2022-01,36703475.24,1.27
A CORUÑA,2022-02,35230446.48,1.5
A CORUÑA,2022-03,30703320.93,1.45
A CORUÑA,2022-04,23639756.83,1.58
A CORUÑA,2022-05,13636016.37,1.92
A CORUÑA,2022-06,11840613.24,2.24
A CORUÑA,2022-07,11470514.83,2.48
A CORUÑA,2022-08,10189766.07,2.56
A CORUÑA,2022-09,10841616.53,2.37
A CORUÑA,2022-10,10353336.61,2.05
A CORUÑA,2022-11,21440850.26,1.62
A CORUÑA,2022-12,33324941.94,1.47
A CORUÑA,2023-01,44145050.59,1.43
A CORUÑA,2023-02,40515270.92,1.48
A CORUÑA,2023-03,28284050.69,1.66
A CORUÑA,2023-04,15913226.58,1.87
A CORUÑA,2023-05,14130608.14,2.08
A CORUÑA,2023-06,11973146.07,2.24
A CORUÑA,2023-07,10036398.4,2.38
A CORUÑA,2023-08,8526938.29,2.47
A CORUÑA,2023-09,9343955.27,2.38
A CORUÑA,2023-10,10417096.25,2.06
A CORUÑA,2023-11,23172532.84,1.79
A CORUÑA,2023-12,37200378.79,1.6
A CORUÑA,2024-01,35402660.37,1.51
A CORUÑA,2024-02,26749411.58,1.55
A CORUÑA,2024-03,24503109.18,1.73
A CORUÑA,2024-04,16673876.0,1.94
A CORUÑA,2024-05,8850584.12,1.9
A CORUÑA,2024-06,1461500.79,1.95
ALBACETE,2021-10,5417353.68,0.93
ALBACETE,2021-11,22150040.55,1.23
ALBACETE,2021-12,29610184.12,1.29
ALBACETE,2022-01,37316104.43,1.29
ALBACETE,2022-02,31542392.1,1.35
ALBACETE,2022-03,28916684.42,1.36
ALBACETE,2022-04,21210245.74,1.41
ALBACETE,2022-05,7906041.55,1.11
ALBACETE,2022-06,4496496.76,0.85
ALBACETE,2022-07,3600679.61,0.78
ALBACETE,2022-08,2801258.88,0.7
ALBACETE,2022-09,3352530.49,0.73
ALBACETE,2022-10,4487526.69,0.89
ALBACETE,2022-11,15000504.72,1.13
ALBACETE,2022-12,29203441.56,1.29
ALBACETE,2023-01,41927248.51,1.36
ALBACETE,2023-02,37637204.5,1.37
ALBACETE,2023-03,20560867.7,1.21
ALBACETE,2023-04,7787780.29,0.92
ALBACETE,2023-05,5174398.52,0.76
ALBACETE,2023-06,3563538.49,0.67
ALBACETE,2023-07,2361977.67,0.56
ALBACETE,2023-08,1931895.88,0.56
ALBACETE,2023-09,2706806.05,0.69
ALBACETE,2023-10,5055155.09,1.0
ALBACETE,2023-11,15928411.22,1.23
ALBACETE,2023-12,30898355.88,1.33
ALBACETE,2024-01,29477241.9,1.25
ALBACETE,2024-02,20267023.43,1.17
ALBACETE,2024-03,15453039.93,1.09
ALBACETE,2024-04,7728869.33,0.9
ALBACETE,2024-05,3727194.57,0.8
ALBACETE,2024-06,623066.55,0.83
ALICANTE,2021-10,7501362.85,1.29
ALICANTE,2021-11,20556208.08,1.14
ALICANTE,2021-12,24877012.29,1.09
ALICANTE,2022-01,32910631.38,1.13
ALICANTE,2022-02,30006552.02,1.28
ALICANTE,2022-03,30107669.12,1.42
ALICANTE,2022-04,22432139.07,1.5
ALICANTE,2022-05,11606773.58,1.64
ALICANTE,2022-06,8832091.54,1.67
ALICANTE,2022-07,8185499.87,1.77
ALICANTE,2022-08,6861131.56,1.72
ALICANTE,2022-09,7257999.33,1.59
ALICANTE,2022-10,7335475.22,1.45
ALICANTE,2022-11,15145960.25,1.14
ALICANTE,2022-12,24162727.13,1.06
ALICANTE,2023-01,35365263.89,1.15
ALICANTE,2023-02,33840244.18,1.24
ALICANTE,2023-03,21841649.69,1.28
ALICANTE,2023-04,11534020.31,1.36
ALICANTE,2023-05,10467071.84,1.54
ALICANTE,2023-06,8371293.92,1.57
ALICANTE,2023-07,6671952.0,1.58
ALICANTE,2023-08,5431791.12,1.58
ALICANTE,2023-09,5800001.31,1.48
ALICANTE,2023-10,6029995.53,1.19
ALICANTE,2023-11,12392493.84,0.96
ALICANTE,2023-12,23114498.96,0.99
ALICANTE,2024-01,25954733.33,1.1
ALICANTE,2024-02,20031948.33,1.16
ALICANTE,2024-03,16849580.71,1.19
ALICANTE,2024-04,10329555.04,1.2
ALICANTE,2024-05,5532771.6,1.19
ALICANTE,2024-06,958557.16,1.28
ALMERIA,2021-10,33115.83,0.01
ALMERIA,2021-11,157146.27,0.01
ALMERIA,2021-12,196196.53,0.01
ALMERIA,2022-01,269266.43,0.01
ALMERIA,2022-02,192339.68,0.01
ALMERIA,2022-03,169482.51,0.01
ALMERIA,2022-04,127692.31,0.01
ALMERIA,2022-05,53818.35,0.01
ALMERIA,2022-06,38698.28,0.01
ALMERIA,2022-07,31694.28,0.01
ALMERIA,2022-08,25812.81,0.01
ALMERIA,2022-09,35446.65,0.01
ALMERIA,2022-10,40842.23,0.01
ALMERIA,2022-11,97676.85,0.01
ALMERIA,2022-12,165982.83,0.01
ALMERIA,2023-01,297863.19,0.01
ALMERIA,2023-02,279272.8,0.01
ALMERIA,2023-03,171331.31,0.01
ALMERIA,2023-04,76594.95,0.01
ALMERIA,2023-05,54300.53,0.01
ALMERIA,2023-06,40199.39,0.01
ALMERIA,2023-07,33694.43,0.01
ALMERIA,2023-08,26202.14,0.01
ALMERIA,2023-09,34088.44,0.01
ALMERIA,2023-10,43639.49,0.01
ALMERIA,2023-11,108512.65,0.01
ALMERIA,2023-12,206207.19,0.01
ALMERIA,2024-01,239677.98,0.01
ALMERIA,2024-02,164402.66,0.01
ALMERIA,2024-03,124944.94,0.01
ALMERIA,2024-04,73031.35,0.01
ALMERIA,2024-05,37086.53,0.01
ALMERIA,2024-06,10761.11,0.01
ARABA/ALAVA,2021-10,3241064.97,0.56
ARABA/ALAVA,2021-11,12219814.27,0.68
ARABA/ALAVA,2021-12,16945246.81,0.74
ARABA/ALAVA,2022-01,16484224.5,0.57
ARABA/ALAVA,2022-02,13092520.67,0.56
ARABA/ALAVA,2022-03,13639436.41,0.64
ARABA/ALAVA,2022-04,8734370.56,0.58
ARABA/ALAVA,2022-05,4012132.24,0.57
ARABA/ALAVA,2022-06,3169769.07,0.6
ARABA/ALAVA,2022-07,2239755.16,0.48
ARABA/ALAVA,2022-08,1946495.7,0.49
ARABA/ALAVA,2022-09,3041682.22,0.67
ARABA/ALAVA,2022-10,3984555.4,0.79
ARABA/ALAVA,2022-11,8057589.59,0.61
ARABA/ALAVA,2022-12,13771271.76,0.61
ARABA/ALAVA,2023-01,18907349.46,0.61
ARABA/ALAVA,2023-02,16833034.04,0.61
ARABA/ALAVA,2023-03,10512253.5,0.62
ARABA/ALAVA,2023-04,5073034.35,0.6
ARABA/ALAVA,2023-05,3803917.61,0.56
ARABA/ALAVA,2023-06,2613682.96,0.49
ARABA/ALAVA,2023-07,2014714.12,0.48
ARABA/ALAVA,2023-08,1636202.57,0.47
ARABA/ALAVA,2023-09,1862202.54,0.47
ARABA/ALAVA,2023-10,2483548.68,0.49
ARABA/ALAVA,2023-11,7164306.25,0.55
ARABA/ALAVA,2023-12,13586753.85,0.58
ARABA/ALAVA,2024-01,14112583.43,0.6
ARABA/ALAVA,2024-02,10488661.44,0.61
ARABA/ALAVA,2024-03,8871258.17,0.63
ARABA/ALAVA,2024-04,5339287.07,0.62
ARABA/ALAVA,2024-05,2718403.57,0.58
ARABA/ALAVA,2024-06,387317.04,0.52
ASTURIAS,2021-10,1295598.85,0.22
ASTURIAS,2021-11,4694538.97,0.26
ASTURIAS,2021-12,5516892.49,0.24
ASTURIAS,2022-01,7397397.28,0.26
ASTURIAS,2022-02,5208304.92,0.22
ASTURIAS,2022-03,5261389.75,0.25
ASTURIAS,2022-04,3672627.24,0.24
ASTURIAS,2022-05,1904132.19,0.27
ASTURIAS,2022-06,1533055.66,0.29
ASTURIAS,2022-07,1397060.89,0.3
ASTURIAS,2022-08,1167872.12,0.29
ASTURIAS,2022-09,1482791.87,0.32
ASTURIAS,2022-10,1868246.28,0.37
ASTURIAS,2022-11,3509154.26,0.27
ASTURIAS,2022-12,6050669.55,0.27
ASTURIAS,2023-01,8486556.27,0.28
ASTURIAS,2023-02,7722713.08,0.28
ASTURIAS,2023-03,4971898.98,0.29
ASTURIAS,2023-04,2474359.42,0.29
ASTURIAS,2023-05,2045665.74,0.3
ASTURIAS,2023-06,1660328.16,0.31
ASTURIAS,2023-07,1341707.71,0.32
ASTURIAS,2023-08,1136182.26,0.33
ASTURIAS,2023-09,1332058.32,0.34
ASTURIAS,2023-10,1734673.97,0.34
ASTURIAS,2023-11,4250959.0,0.33
ASTURIAS,2023-12,7498745.0,0.32
ASTURIAS,2024-01,7332395.44,0.31
ASTURIAS,2024-02,5278466.89,0.31
ASTURIAS,2024-03,4465032.07,0.32
ASTURIAS,2024-04,2905846.58,0.34
ASTURIAS,2024-05,1637062.47,0.35
ASTURIAS,2024-06,311114.87,0.41
AVILA,2021-10,2110305.92,0.36
AVILA,2021-11,8312932.02,0.46
AVILA,2021-12,11495087.6,0.5
AVILA,2022-01,13638525.57,0.47
AVILA,2022-02,11295594.96,0.48
AVILA,2022-03,9442989.87,0.45
AVILA,2022-04,6524896.36,0.43
AVILA,2022-05,2772103.93,0.39
AVILA,2022-06,1807719.86,0.34
AVILA,2022-07,1451979.06,0.31
AVILA,2022-08,1158426.47,0.29
AVILA,2022-09,1392166.71,0.3
AVILA,2022-10,1833079.35,0.36
AVILA,2022-11,5839308.25,0.44
AVILA,2022-12,10660961.63,0.47
AVILA,2023-01,14973734.24,0.49
AVILA,2023-02,13268985.01,0.48
AVILA,2023-03,8146635.28,0.48
AVILA,2023-04,3733960.5,0.44
AVILA,2023-05,2606956.18,0.38
AVILA,2023-06,1843170.68,0.34
AVILA,2023-07,1323480.68,0.31
AVILA,2023-08,1074493.04,0.31
AVILA,2023-09,1371245.87,0.35
AVILA,2023-10,2242894.87,0.44
AVILA,2023-11,6817850.46,0.53
AVILA,2023-12,12935043.83,0.56
AVILA,2024-01,13026861.82,0.55
AVILA,2024-02,9465551.53,0.55
AVILA,2024-03,7677051.57,0.54
AVILA,2024-04,4181911.58,0.49
AVILA,2024-05,2088135.2,0.45
AVILA,2024-06,313632.41,0.42
BADAJOZ,2021-10,252717.59,0.04
BADAJOZ,2021-11,977088.55,0.05
BADAJOZ,2021-12,1288548.87,0.06
BADAJOZ,2022-01,1860338.74,0.06
BADAJOZ,2022-02,1267131.04,0.05
BADAJOZ,2022-03,1210509.94,0.06
BADAJOZ,2022-04,722233.49,0.05
BADAJOZ,2022-05,363146.38,0.05
BADAJOZ,2022-06,292759.18,0.06
BADAJOZ,2022-07,259829.45,0.06
BADAJOZ,2022-08,213235.56,0.05
BADAJOZ,2022-09,254111.96,0.06
BADAJOZ,2022-10,298710.34,0.06
BADAJOZ,2022-11,722052.34,0.05
BADAJOZ,2022-12,1187206.52,0.05
BADAJOZ,2023-01,1672677.2,0.05
BADAJOZ,2023-02,1539119.35,0.06
BADAJOZ,2023-03,926948.25,0.05
BADAJOZ,2023-04,431191.92,0.05
BADAJOZ,2023-05,334227.11,0.05
BADAJOZ,2023-06,251268.37,0.05
BADAJOZ,2023-07,189607.08,0.04
BADAJOZ,2023-08,163864.0,0.05
BADAJOZ,2023-09,212174.66,0.05
BADAJOZ,2023-10,299965.89,0.06
BADAJOZ,2023-11,832597.83,0.06
BADAJOZ,2023-12,1658817.53,0.07
BADAJOZ,2024-01,1706304.43,0.07
BADAJOZ,2024-02,1221418.81,0.07
BADAJOZ,2024-03,1019188.89,0.07
BADAJOZ,2024-04,569299.63,0.07
BADAJOZ,2024-05,231798.38,0.05
BADAJOZ,2024-06,14861.58,0.02
BALEARES,2021-10,722606.89,0.12
BALEARES,2021-11,2155866.74,0.12
BALEARES,2021-12,2928135.43,0.13
BALEARES,2022-01,3716742.61,0.13
BALEARES,2022-02,2012333.63,0.09
BALEARES,2022-03,2469083.0,0.12
BALEARES,2022-04,2005272.45,0.13
BALEARES,2022-05,1165586.9,0.16
BALEARES,2022-06,955617.18,0.18
BALEARES,2022-07,937712.82,0.2
BALEARES,2022-08,831933.31,0.21
BALEARES,2022-09,1038878.56,0.23
BALEARES,2022-10,897776.85,0.18
BALEARES,2022-11,1627481.58,0.12
BALEARES,2022-12,2319579.36,0.1
BALEARES,2023-01,3163928.74,0.1
BALEARES,2023-02,3026127.97,0.11
BALEARES,2023-03,2105355.64,0.12
BALEARES,2023-04,1254862.74,0.15
BALEARES,2023-05,1098681.21,0.16
BALEARES,2023-06,868132.0,0.16
BALEARES,2023-07,717576.85,0.17
BALEARES,2023-08,602267.66,0.17
BALEARES,2023-09,719855.71,0.18
BALEARES,2023-10,720669.44,0.14
BALEARES,2023-11,1373743.49,0.11
BALEARES,2023-12,2329870.24,0.1
BALEARES,2024-01,2645647.94,0.11
BALEARES,2024-02,2120793.88,0.12
BALEARES,2024-03,1833001.37,0.13
BALEARES,2024-04,1235683.36,0.14
BALEARES,2024-05,715172.26,0.15
BALEARES,2024-06,148634.5,0.2
BARCELONA,2021-10,178266294.38,30.65
BARCELONA,2021-11,539500604.03,29.85
BARCELONA,2021-12,681102059.47,29.76
BARCELONA,2022-01,869259455.93,29.97
BARCELONA,2022-02,721128952.19,30.81
BARCELONA,2022-03,621157563.48,29.31
BARCELONA,2022-04,443693614.96,29.58
BARCELONA,2022-05,213445041.23,30.08
BARCELONA,2022-06,166244177.23,31.41
BARCELONA,2022-07,149303788.13,32.22
BARCELONA,2022-08,130962827.56,32.85
BARCELONA,2022-09,146579935.47,32.05
BARCELONA,2022-10,150475780.95,29.82
BARCELONA,2022-11,380322447.86,28.73
BARCELONA,2022-12,661657347.9,29.13
BARCELONA,2023-01,913723122.69,29.61
BARCELONA,2023-02,811005118.47,29.6
BARCELONA,2023-03,504622827.47,29.65
BARCELONA,2023-04,261744384.91,30.82
BARCELONA,2023-05,218707150.8,32.16
BARCELONA,2023-06,174128473.24,32.58
BARCELONA,2023-07,139923902.71,33.14
BARCELONA,2023-08,113573704.71,32.95
BARCELONA,2023-09,123339438.39,31.39
BARCELONA,2023-10,138879866.69,27.48
BARCELONA,2023-11,336414371.43,26.01
BARCELONA,2023-12,636898538.72,27.41
BARCELONA,2024-01,657532741.99,27.99
BARCELONA,2024-02,466344683.7,27.02
BARCELONA,2024-03,374064102.68,26.43
BARCELONA,2024-04,234382077.01,27.25
BARCELONA,2024-05,126586728.48,27.2
BARCELONA,2024-06,20008240.59,26.66
BIZKAIA,2021-10,2091283.2,0.36
BIZKAIA,2021-11,8447496.11,0.47
BIZKAIA,2021-12,11325809.27,0.49
BIZKAIA,2022-01,14697070.71,0.51
BIZKAIA,2022-02,9541037.08,0.41
BIZKAIA,2022-03,8873974.89,0.42
BIZKAIA,2022-04,5732907.72,0.38
BIZKAIA,2022-05,2679914.57,0.38
BIZKAIA,2022-06,3193989.48,0.6
BIZKAIA,2022-07,1751556.55,0.38
BIZKAIA,2022-08,1442111.02,0.36
BIZKAIA,2022-09,1767409.59,0.39
BIZKAIA,2022-10,2044522.64,0.41
BIZKAIA,2022-11,5700517.29,0.43
BIZKAIA,2022-12,9172151.36,0.4
BIZKAIA,2023-01,13621068.4,0.44
BIZKAIA,2023-02,12460342.69,0.45
BIZKAIA,2023-03,7584805.56,0.45
BIZKAIA,2023-04,3645314.37,0.43
BIZKAIA,2023-05,2876810.97,0.42
BIZKAIA,2023-06,2187149.96,0.41
BIZKAIA,2023-07,1695705.89,0.4
BIZKAIA,2023-08,1432863.73,0.42
BIZKAIA,2023-09,1777499.25,0.45
BIZKAIA,2023-10,2166681.15,0.43
BIZKAIA,2023-11,5588551.26,0.43
BIZKAIA,2023-12,10144807.78,0.44
BIZKAIA,2024-01,10720853.33,0.46
BIZKAIA,2024-02,7893195.2,0.46
BIZKAIA,2024-03,6710262.68,0.47
BIZKAIA,2024-04,4243830.58,0.49
BIZKAIA,2024-05,2459997.09,0.53
BIZKAIA,2024-06,395231.74,0.53
BURGOS,2021-10,10112191.67,1.74
BURGOS,2021-11,29616562.65,1.64
BURGOS,2021-12,37080673.14,1.62
BURGOS,2022-01,46575143.28,1.61
BURGOS,2022-02,38996979.23,1.67
BURGOS,2022-03,35280916.12,1.67
BURGOS,2022-04,26552600.35,1.77
BURGOS,2022-05,11080759.94,1.56
BURGOS,2022-06,6787296.18,1.28
BURGOS,2022-07,5646637.4,1.22
BURGOS,2022-08,4797647.52,1.2
BURGOS,2022-09,5743515.35,1.26
BURGOS,2022-10,7960383.05,1.58
BURGOS,2022-11,23004719.85,1.74
BURGOS,2022-12,39117637.46,1.72
BURGOS,2023-01,51606323.08,1.67
BURGOS,2023-02,46307844.48,1.69
BURGOS,2023-03,29730581.94,1.75
BURGOS,2023-04,14884641.28,1.75
BURGOS,2023-05,10843064.65,1.59
BURGOS,2023-06,7213606.02,1.35
BURGOS,2023-07,5260032.39,1.25
BURGOS,2023-08,4028430.08,1.17
BURGOS,2023-09,5056785.14,1.29
BURGOS,2023-10,8769382.58,1.74
BURGOS,2023-11,25067356.92,1.94
BURGOS,2023-12,41707317.75,1.79
BURGOS,2024-01,39175009.71,1.67
BURGOS,2024-02,30134503.74,1.75
BURGOS,2024-03,25282344.22,1.79
BURGOS,2024-04,16925274.69,1.97
BURGOS,2024-05,10353602.55,2.22
BURGOS,2024-06,1350034.36,1.8
CACERES,2021-10,490739.09,0.08
CACERES,2021-11,2120063.6,0.12
CACERES,2021-12,3535862.02,0.15
CACERES,2022-01,4648012.67,0.16
CACERES,2022-02,3006203.3,0.13
CACERES,2022-03,2806068.37,0.13
CACERES,2022-04,1632181.42,0.11
CACERES,2022-05,700477.24,0.1
CACERES,2022-06,495425.41,0.09
CACERES,2022-07,384826.06,0.08
CACERES,2022-08,310475.44,0.08
CACERES,2022-09,400364.11,0.09
CACERES,2022-10,515765.29,0.1
CACERES,2022-11,1446783.52,0.11
CACERES,2022-12,2753189.36,0.12
CACERES,2023-01,3973816.55,0.13
CACERES,2023-02,3449810.19,0.13
CACERES,2023-03,1951378.9,0.11
CACERES,2023-04,799872.92,0.09
CACERES,2023-05,582465.03,0.09
CACERES,2023-06,422121.73,0.08
CACERES,2023-07,306324.16,0.07
CACERES,2023-08,260564.07,0.08
CACERES,2023-09,357576.06,0.09
CACERES,2023-10,534582.83,0.11
CACERES,2023-11,1595551.08,0.12
CACERES,2023-12,3288594.1,0.14
CACERES,2024-01,3472439.93,0.15
CACERES,2024-02,2582484.5,0.15
CACERES,2024-03,2115120.86,0.15
CACERES,2024-04,1058501.0,0.12
CACERES,2024-05,431202.07,0.09
CACERES,2024-06,46139.06,0.06
CADIZ,2021-10,948375.42,0.16
CADIZ,2021-11,1627387.88,0.09
CADIZ,2021-12,1733962.67,0.08
CADIZ,2022-01,2346417.55,0.08
CADIZ,2022-02,1944043.57,0.08
CADIZ,2022-03,2053697.27,0.1
CADIZ,2022-04,1874933.77,0.12
CADIZ,2022-05,1239090.3,0.17
CADIZ,2022-06,1106236.37,0.21
CADIZ,2022-07,1058985.47,0.23
CADIZ,2022-08,914751.71,0.23
CADIZ,2022-09,1030447.23,0.23
CADIZ,2022-10,881888.63,0.17
CADIZ,2022-11,1402232.43,0.11
CADIZ,2022-12,1842843.99,0.08
CADIZ,2023-01,2317862.91,0.08
CADIZ,2023-02,2210804.72,0.08
CADIZ,2023-03,1747470.11,0.1
CADIZ,2023-04,1209622.14,0.14
CADIZ,2023-05,1204023.12,0.18
CADIZ,2023-06,1029706.09,0.19
CADIZ,2023-07,908210.5,0.22
CADIZ,2023-08,804040.09,0.23
CADIZ,2023-09,869854.53,0.22
CADIZ,2023-10,856755.35,0.17
CADIZ,2023-11,1373515.43,0.11
CADIZ,2023-12,1854928.96,0.08
CADIZ,2024-01,1805268.07,0.08
CADIZ,2024-02,1477891.41,0.09
CADIZ,2024-03,1432556.13,0.1
CADIZ,2024-04,1165500.21,0.14
CADIZ,2024-05,761407.32,0.16
CADIZ,2024-06,170622.06,0.23
CANTABRIA,2021-10,2185283.0,0.38
CANTABRIA,2021-11,6650225.68,0.37
CANTABRIA,2021-12,8699286.8,0.38
CANTABRIA,2022-01,11343384.8,0.39
CANTABRIA,2022-02,6426708.25,0.27
CANTABRIA,2022-03,7177165.52,0.34
CANTABRIA,2022-04,5081594.65,0.34
CANTABRIA,2022-05,2846012.55,0.4
CANTABRIA,2022-06,4537561.26,0.86
CANTABRIA,2022-07,2049948.93,0.44
CANTABRIA,2022-08,1725056.25,0.43
CANTABRIA,2022-09,2022162.77,0.44
CANTABRIA,2022-10,2275239.4,0.45
CANTABRIA,2022-11,5432174.22,0.41
CANTABRIA,2022-12,8599676.97,0.38
CANTABRIA,2023-01,10750125.62,0.35
CANTABRIA,2023-02,10005076.16,0.37
CANTABRIA,2023-03,7027301.37,0.41
CANTABRIA,2023-04,3740629.64,0.44
CANTABRIA,2023-05,3060324.46,0.45
CANTABRIA,2023-06,2359763.16,0.44
CANTABRIA,2023-07,1890608.53,0.45
CANTABRIA,2023-08,1638855.6,0.48
CANTABRIA,2023-09,1918418.35,0.49
CANTABRIA,2023-10,2268591.27,0.45
CANTABRIA,2023-11,5080589.7,0.39
CANTABRIA,2023-12,8882022.68,0.38
CANTABRIA,2024-01,8935922.21,0.38
CANTABRIA,2024-02,6943347.75,0.4
CANTABRIA,2024-03,6354599.17,0.45
CANTABRIA,2024-04,4134217.68,0.48
CANTABRIA,2024-05,2291554.28,0.49
CANTABRIA,2024-06,408153.13,0.54
CASTELLON,2021-10,4851911.19,0.83
CASTELLON,2021-11,12764589.25,0.71
CASTELLON,2021-12,18128579.51,0.79
CASTELLON,2022-01,24165910.6,0.83
CASTELLON,2022-02,20583976.85,0.88
CASTELLON,2022-03,19507752.14,0.92
CASTELLON,2022-04,13995429.85,0.93
CASTELLON,2022-05,7210700.83,1.02
CASTELLON,2022-06,5630158.24,1.06
CASTELLON,2022-07,4986246.84,1.08
CASTELLON,2022-08,4077569.53,1.02
CASTELLON,2022-09,4705825.28,1.03
CASTELLON,2022-10,4444756.55,0.88
CASTELLON,2022-11,9304172.67,0.7
CASTELLON,2022-12,16175370.48,0.71
CASTELLON,2023-01,24685381.97,0.8
CASTELLON,2023-02,23912482.32,0.87
CASTELLON,2023-03,15403181.96,0.9
CASTELLON,2023-04,8101874.43,0.95
CASTELLON,2023-05,6653187.76,0.98
CASTELLON,2023-06,5066629.96,0.95
CASTELLON,2023-07,4124739.45,0.98
CASTELLON,2023-08,3728887.88,1.08
CASTELLON,2023-09,4156229.1,1.06
CASTELLON,2023-10,3830043.34,0.76
CASTELLON,2023-11,8556085.63,0.66
CASTELLON,2023-12,16515578.8,0.71
CASTELLON,2024-01,18630009.49,0.79
CASTELLON,2024-02,14270650.83,0.83
CASTELLON,2024-03,11683143.1,0.83
CASTELLON,2024-04,7679500.38,0.89
CASTELLON,2024-05,4769446.43,1.02
CASTELLON,2024-06,720003.54,0.96
CIUDAD REAL,2021-10,7156241.95,1.23
CIUDAD REAL,2021-11,34483491.45,1.91
CIUDAD REAL,2021-12,45123566.59,1.97
CIUDAD REAL,2022-01,56224845.4,1.94
CIUDAD REAL,2022-02,46287637.71,1.98
CIUDAD REAL,2022-03,40649968.51,1.92
CIUDAD REAL,2022-04,26707690.73,1.78
CIUDAD REAL,2022-05,9464473.8,1.33
CIUDAD REAL,2022-06,5477758.9,1.03
CIUDAD REAL,2022-07,4648542.35,1.0
CIUDAD REAL,2022-08,3810047.5,0.96
CIUDAD REAL,2022-09,4296114.0,0.94
CIUDAD REAL,2022-10,5919903.84,1.17
CIUDAD REAL,2022-11,21371448.74,1.61
CIUDAD REAL,2022-12,41989978.23,1.85
CIUDAD REAL,2023-01,60222876.69,1.95
CIUDAD REAL,2023-02,52563847.44,1.92
CIUDAD REAL,2023-03,29599753.08,1.74
CIUDAD REAL,2023-04,12026835.06,1.42
CIUDAD REAL,2023-05,8593237.43,1.26
CIUDAD REAL,2023-06,6501615.24,1.22
CIUDAD REAL,2023-07,4749203.45,1.12
CIUDAD REAL,2023-08,3575701.34,1.04
CIUDAD REAL,2023-09,4348038.79,1.11
CIUDAD REAL,2023-10,7531637.98,1.49
CIUDAD REAL,2023-11,24571601.07,1.9
CIUDAD REAL,2023-12,49397275.74,2.13
CIUDAD REAL,2024-01,48686843.17,2.07
CIUDAD REAL,2024-02,35219358.16,2.04
CIUDAD REAL,2024-03,28691203.72,2.03
CIUDAD REAL,2024-04,14424761.98,1.68
CIUDAD REAL,2024-05,7156319.96,1.54
CIUDAD REAL,2024-06,973072.27,1.3
CORDOBA,2021-10,2554651.95,0.44
CORDOBA,2021-11,5908432.94,0.33
CORDOBA,2021-12,5831531.04,0.25
CORDOBA,2022-01,8967911.16,0.31
CORDOBA,2022-02,6638369.55,0.28
CORDOBA,2022-03,6120371.63,0.29
CORDOBA,2022-04,5260161.27,0.35
CORDOBA,2022-05,2962266.83,0.42
CORDOBA,2022-06,2359690.86,0.45
CORDOBA,2022-07,2099228.95,0.45
CORDOBA,2022-08,1910363.41,0.48
CORDOBA,2022-09,2417818.32,0.53
CORDOBA,2022-10,2384710.87,0.47
CORDOBA,2022-11,4443682.0,0.34
CORDOBA,2022-12,6620068.27,0.29
CORDOBA,2023-01,8756238.22,0.28
CORDOBA,2023-02,8020620.05,0.29
CORDOBA,2023-03,5272191.06,0.31
CORDOBA,2023-04,2998498.17,0.35
CORDOBA,2023-05,2756442.24,0.41
CORDOBA,2023-06,2402746.29,0.45
CORDOBA,2023-07,2116956.95,0.5
CORDOBA,2023-08,1826799.13,0.53
CORDOBA,2023-09,2079136.64,0.53
CORDOBA,2023-10,2105438.67,0.42
CORDOBA,2023-11,4297784.94,0.33
CORDOBA,2023-12,6959013.32,0.3
CORDOBA,2024-01,7289554.17,0.31
CORDOBA,2024-02,5355452.52,0.31
CORDOBA,2024-03,4241262.41,0.3
CORDOBA,2024-04,2994307.81,0.35
CORDOBA,2024-05,1861213.08,0.4
CORDOBA,2024-06,385748.42,0.51
CUENCA,2021-10,1834998.6,0.32
CUENCA,2021-11,5295702.46,0.29
CUENCA,2021-12,8557649.4,0.37
CUENCA,2022-01,8719780.77,0.3
CUENCA,2022-02,7818287.05,0.33
CUENCA,2022-03,6691425.46,0.32
CUENCA,2022-04,5157781.29,0.34
CUENCA,2022-05,2074702.43,0.29
CUENCA,2022-06,979529.14,0.19
CUENCA,2022-07,787087.07,0.17
CUENCA,2022-08,665291.91,0.17
CUENCA,2022-09,913747.3,0.2
CUENCA,2022-10,1422654.48,0.28
CUENCA,2022-11,4281271.72,0.32
CUENCA,2022-12,7879377.42,0.35
CUENCA,2023-01,10807206.19,0.35
CUENCA,2023-02,9677903.83,0.35
CUENCA,2023-03,6049189.75,0.36
CUENCA,2023-04,2552654.12,0.3
CUENCA,2023-05,1731734.3,0.25
CUENCA,2023-06,1094820.17,0.2
CUENCA,2023-07,715968.89,0.17
CUENCA,2023-08,647109.76,0.19
CUENCA,2023-09,1027834.05,0.26
CUENCA,2023-10,1949788.81,0.39
CUENCA,2023-11,5005834.92,0.39
CUENCA,2023-12,8671440.44,0.37
CUENCA,2024-01,8215851.79,0.35
CUENCA,2024-02,6124640.64,0.35
CUENCA,2024-03,5405238.7,0.38
CUENCA,2024-04,3049059.51,0.35
CUENCA,2024-05,1671473.46,0.36
CUENCA,2024-06,250637.04,0.33
GIPUZKOA,2021-10,2656876.78,0.46
GIPUZKOA,2021-11,8074729.38,0.45
GIPUZKOA,2021-12,11681053.58,0.51
GIPUZKOA,2022-01,13644269.22,0.47
GIPUZKOA,2022-02,8512332.49,0.36
GIPUZKOA,2022-03,7742440.23,0.37
GIPUZKOA,2022-04,5918153.06,0.39
GIPUZKOA,2022-05,3081270.69,0.43
GIPUZKOA,2022-06,2416097.29,0.46
GIPUZKOA,2022-07,2152294.63,0.46
GIPUZKOA,2022-08,1801654.88,0.45
GIPUZKOA,2022-09,2159128.14,0.47
GIPUZKOA,2022-10,2816422.91,0.56
GIPUZKOA,2022-11,5432552.4,0.41
GIPUZKOA,2022-12,9441363.37,0.42
GIPUZKOA,2023-01,13143111.07,0.43
GIPUZKOA,2023-02,12092286.97,0.44
GIPUZKOA,2023-03,7655701.73,0.45
GIPUZKOA,2023-04,4069974.14,0.48
GIPUZKOA,2023-05,3326777.57,0.49
GIPUZKOA,2023-06,2478067.97,0.46
GIPUZKOA,2023-07,2008548.68,0.48
GIPUZKOA,2023-08,1739537.28,0.5
GIPUZKOA,2023-09,1976849.97,0.5
GIPUZKOA,2023-10,2247163.35,0.44
GIPUZKOA,2023-11,5700767.64,0.44
GIPUZKOA,2023-12,10196336.68,0.44
GIPUZKOA,2024-01,10700881.92,0.46
GIPUZKOA,2024-02,8253579.95,0.48
GIPUZKOA,2024-03,7139114.51,0.5
GIPUZKOA,2024-04,4798843.85,0.56
GIPUZKOA,2024-05,2787337.93,0.6
GIPUZKOA,2024-06,357545.18,0.48
GIRONA,2021-10,28839027.03,4.96
GIRONA,2021-11,94439472.3,5.22
GIRONA,2021-12,108713868.29,4.75
GIRONA,2022-01,162809390.71,5.61
GIRONA,2022-02,127944079.63,5.47
GIRONA,2022-03,110380792.89,5.21
GIRONA,2022-04,76945953.7,5.13
GIRONA,2022-05,37435329.58,5.28
GIRONA,2022-06,28917240.44,5.46
GIRONA,2022-07,26217734.91,5.66
GIRONA,2022-08,22688681.42,5.69
GIRONA,2022-09,25323955.19,5.54
GIRONA,2022-10,25866811.86,5.13
GIRONA,2022-11,67266872.83,5.08
GIRONA,2022-12,118026023.74,5.2
GIRONA,2023-01,162801701.88,5.28
GIRONA,2023-02,143637462.05,5.24
GIRONA,2023-03,88468974.48,5.2
GIRONA,2023-04,45642993.54,5.37
GIRONA,2023-05,36924464.56,5.43
GIRONA,2023-06,30372037.31,5.68
GIRONA,2023-07,25408827.53,6.02
GIRONA,2023-08,20060653.46,5.82
GIRONA,2023-09,20727041.98,5.28
GIRONA,2023-10,23458791.41,4.64
GIRONA,2023-11,61225205.48,4.73
GIRONA,2023-12,119429187.72,5.14
GIRONA,2024-01,122645193.4,5.22
GIRONA,2024-02,84615790.51,4.9
GIRONA,2024-03,64253164.78,4.54
GIRONA,2024-04,40120955.81,4.66
GIRONA,2024-05,22506462.65,4.84
GIRONA,2024-06,4344220.33,5.79
GRANADA,2021-10,4023712.46,0.69
GRANADA,2021-11,11880929.93,0.66
GRANADA,2021-12,14738764.09,0.64
GRANADA,2022-01,17552144.41,0.61
GRANADA,2022-02,14354192.34,0.61
GRANADA,2022-03,12763436.08,0.6
GRANADA,2022-04,9305456.7,0.62
GRANADA,2022-05,4543391.27,0.64
GRANADA,2022-06,3252576.7,0.61
GRANADA,2022-07,2813008.79,0.61
GRANADA,2022-08,2476129.66,0.62
GRANADA,2022-09,2893186.5,0.63
GRANADA,2022-10,3171746.29,0.63
GRANADA,2022-11,7486663.66,0.57
GRANADA,2022-12,12962581.45,0.57
GRANADA,2023-01,18182125.22,0.59
GRANADA,2023-02,16189417.41,0.59
GRANADA,2023-03,10012774.07,0.59
GRANADA,2023-04,4875025.04,0.57
GRANADA,2023-05,4029999.48,0.59
GRANADA,2023-06,3245075.79,0.61
GRANADA,2023-07,2685173.41,0.64
GRANADA,2023-08,2187487.98,0.63
GRANADA,2023-09,2400792.82,0.61
GRANADA,2023-10,3133143.75,0.62
GRANADA,2023-11,7885575.16,0.61
GRANADA,2023-12,14388095.36,0.62
GRANADA,2024-01,13969852.02,0.59
GRANADA,2024-02,10010494.94,0.58
GRANADA,2024-03,8139284.24,0.58
GRANADA,2024-04,4770295.69,0.55
GRANADA,2024-05,2459029.43,0.53
GRANADA,2024-06,399864.51,0.53
GUADALAJARA,2021-10,9613631.04,1.65
GUADALAJARA,2021-11,37475866.19,2.07
GUADALAJARA,2021-12,43001177.17,1.88
GUADALAJARA,2022-01,57137664.42,1.97
GUADALAJARA,2022-02,42671526.7,1.82
GUADALAJARA,2022-03,41155942.85,1.94
GUADALAJARA,2022-04,26328625.26,1.76
GUADALAJARA,2022-05,12138642.94,1.71
GUADALAJARA,2022-06,7442151.79,1.41
GUADALAJARA,2022-07,5865614.65,1.27
GUADALAJARA,2022-08,4802499.77,1.2
GUADALAJARA,2022-09,5752368.93,1.26
GUADALAJARA,2022-10,7965971.29,1.58
GUADALAJARA,2022-11,24902953.79,1.88
GUADALAJARA,2022-12,43489052.57,1.91
GUADALAJARA,2023-01,58357710.2,1.89
GUADALAJARA,2023-02,51279134.42,1.87
GUADALAJARA,2023-03,29858752.02,1.75
GUADALAJARA,2023-04,12949916.8,1.52
GUADALAJARA,2023-05,9294012.81,1.37
GUADALAJARA,2023-06,7310154.98,1.37
GUADALAJARA,2023-07,5424268.9,1.28
GUADALAJARA,2023-08,4105293.39,1.19
GUADALAJARA,2023-09,5137784.45,1.31
GUADALAJARA,2023-10,9149148.0,1.81
GUADALAJARA,2023-11,28017798.72,2.17
GUADALAJARA,2023-12,49341412.38,2.12
GUADALAJARA,2024-01,47931697.56,2.04
GUADALAJARA,2024-02,34623887.06,2.01
GUADALAJARA,2024-03,27804598.95,1.96
GUADALAJARA,2024-04,14656612.18,1.7
GUADALAJARA,2024-05,6453050.23,1.39
GUADALAJARA,2024-06,1303963.52,1.74
HUELVA,2021-10,1172578.33,0.2
HUELVA,2021-11,2068648.93,0.11
HUELVA,2021-12,2380039.48,0.1
HUELVA,2022-01,3285404.04,0.11
HUELVA,2022-02,2686332.89,0.11
HUELVA,2022-03,2745578.02,0.13
HUELVA,2022-04,2466674.69,0.16
HUELVA,2022-05,1494794.79,0.21
HUELVA,2022-06,1256730.81,0.24
HUELVA,2022-07,1173248.1,0.25
HUELVA,2022-08,1059930.63,0.27
HUELVA,2022-09,1238943.5,0.27
HUELVA,2022-10,1133878.21,0.22
HUELVA,2022-11,1909859.92,0.14
HUELVA,2022-12,2598288.83,0.11
HUELVA,2023-01,3202758.17,0.1
HUELVA,2023-02,2988285.35,0.11
HUELVA,2023-03,2182797.58,0.13
HUELVA,2023-04,1609356.63,0.19
HUELVA,2023-05,1531084.0,0.23
HUELVA,2023-06,1319332.07,0.25
HUELVA,2023-07,1114951.49,0.26
HUELVA,2023-08,929425.52,0.27
HUELVA,2023-09,1049584.11,0.27
HUELVA,2023-10,1014864.76,0.2
HUELVA,2023-11,1859834.92,0.14
HUELVA,2023-12,2676836.06,0.12
HUELVA,2024-01,2617529.08,0.11
HUELVA,2024-02,2142091.39,0.12
HUELVA,2024-03,2009397.0,0.14
HUELVA,2024-04,1609209.52,0.19
HUELVA,2024-05,1039568.32,0.22
HUELVA,2024-06,211060.34,0.28
HUESCA,2021-10,389925.85,0.07
HUESCA,2021-11,1734812.24,0.1
HUESCA,2021-12,2351697.73,0.1
HUESCA,2022-01,2694542.25,0.09
HUESCA,2022-02,1616446.19,0.07
HUESCA,2022-03,1706581.19,0.08
HUESCA,2022-04,941738.87,0.06
HUESCA,2022-05,397173.58,0.06
HUESCA,2022-06,228074.08,0.04
HUESCA,2022-07,191274.31,0.04
HUESCA,2022-08,155007.55,0.04
HUESCA,2022-09,210797.57,0.05
HUESCA,2022-10,339648.42,0.07
HUESCA,2022-11,1137595.92,0.09
HUESCA,2022-12,2078342.54,0.09
HUESCA,2023-01,2693411.62,0.09
HUESCA,2023-02,2302856.2,0.08
HUESCA,2023-03,1430876.33,0.08
HUESCA,2023-04,675131.32,0.08
HUESCA,2023-05,492926.92,0.07
HUESCA,2023-06,291539.97,0.05
HUESCA,2023-07,179722.84,0.04
HUESCA,2023-08,153732.37,0.04
HUESCA,2023-09,219389.27,0.06
HUESCA,2023-10,355574.13,0.07
HUESCA,2023-11,1102610.21,0.09
HUESCA,2023-12,2114253.88,0.09
HUESCA,2024-01,2299255.8,0.1
HUESCA,2024-02,1672188.76,0.1
HUESCA,2024-03,1290501.32,0.09
HUESCA,2024-04,701930.9,0.08
HUESCA,2024-05,373989.17,0.08
HUESCA,2024-06,66887.74,0.09
JAEN,2021-10,815985.88,0.14
JAEN,2021-11,3164002.41,0.18
JAEN,2021-12,4065858.58,0.18
JAEN,2022-01,4885946.72,0.17
JAEN,2022-02,3870237.42,0.17
JAEN,2022-03,3444424.72,0.16
JAEN,2022-04,2296108.12,0.15
JAEN,2022-05,1006000.41,0.14
JAEN,2022-06,666177.19,0.13
JAEN,2022-07,539176.8,0.12
JAEN,2022-08,472347.21,0.12
JAEN,2022-09,569658.18,0.12
JAEN,2022-10,668608.29,0.13
JAEN,2022-11,1840010.16,0.14
JAEN,2022-12,3364335.47,0.15
JAEN,2023-01,5085368.68,0.16
JAEN,2023-02,4539871.06,0.17
JAEN,2023-03,2625755.91,0.15
JAEN,2023-04,1195423.09,0.14
JAEN,2023-05,826973.07,0.12
JAEN,2023-06,643311.21,0.12
JAEN,2023-07,554896.22,0.13
JAEN,2023-08,486174.3,0.14
JAEN,2023-09,555703.98,0.14
JAEN,2023-10,759079.89,0.15
JAEN,2023-11,2052364.98,0.16
JAEN,2023-12,3831425.47,0.16
JAEN,2024-01,3993591.36,0.17
JAEN,2024-02,2816559.6,0.16
JAEN,2024-03,2123269.55,0.15
JAEN,2024-04,1135173.97,0.13
JAEN,2024-05,555940.4,0.12
JAEN,2024-06,103567.85,0.14
LA RIOJA,2021-10,8307677.66,1.43
LA RIOJA,2021-11,27696349.87,1.53
LA RIOJA,2021-12,39060243.04,1.71
LA RIOJA,2022-01,44690437.6,1.54
LA RIOJA,2022-02,36162197.12,1.54
LA RIOJA,2022-03,31531889.03,1.49
LA RIOJA,2022-04,21497932.01,1.43
LA RIOJA,2022-05,8859633.18,1.25
LA RIOJA,2022-06,5858092.87,1.11
LA RIOJA,2022-07,5184914.71,1.12
LA RIOJA,2022-08,4525798.74,1.14
LA RIOJA,2022-09,5314706.36,1.16
LA RIOJA,2022-10,6356905.96,1.26
LA RIOJA,2022-11,19736091.3,1.49
LA RIOJA,2022-12,35705513.94,1.57
LA RIOJA,2023-01,47684194.04,1.55
LA RIOJA,2023-02,40889305.39,1.49
LA RIOJA,2023-03,24341570.21,1.43
LA RIOJA,2023-04,11400329.59,1.34
LA RIOJA,2023-05,8394623.59,1.23
LA RIOJA,2023-06,6405516.46,1.2
LA RIOJA,2023-07,5193911.27,1.23
LA RIOJA,2023-08,3986571.37,1.16
LA RIOJA,2023-09,4239080.62,1.08
LA RIOJA,2023-10,6072123.45,1.2
LA RIOJA,2023-11,17405495.83,1.35
LA RIOJA,2023-12,33923181.21,1.46
LA RIOJA,2024-01,35808265.19,1.52
LA RIOJA,2024-02,25945882.96,1.5
LA RIOJA,2024-03,20170622.64,1.43
LA RIOJA,2024-04,12336082.77,1.43
LA RIOJA,2024-05,7329160.85,1.57
LA RIOJA,2024-06,1417053.12,1.89
LAS PALMAS,2022-04,23.84,0.0
LAS PALMAS,2022-05,75.09,0.0
LAS PALMAS,2022-08,86.0,0.0
LAS PALMAS,2023-08,41.83,0.0
LAS PALMAS,2023-09,0.0,0.0
LAS PALMAS,2023-10,0.0,0.0
LAS PALMAS,2023-11,0.0,0.0
LAS PALMAS,2023-12,0.0,0.0
LAS PALMAS,2024-01,0.0,0.0
LAS PALMAS,2024-02,0.0,0.0
LAS PALMAS,2024-03,0.0,0.0
LAS PALMAS,2024-04,0.0,0.0
LAS PALMAS,2024-05,0.0,0.0
LAS PALMAS,2024-06,0.0,0.0
LEON,2021-10,7444922.83,1.28
LEON,2021-11,21425065.17,1.19
LEON,2021-12,30255749.09,1.32
LEON,2022-01,34410222.99,1.19
LEON,2022-02,28532076.31,1.22
LEON,2022-03,25382714.66,1.2
LEON,2022-04,18317599.22,1.22
LEON,2022-05,7687254.29,1.08
LEON,2022-06,4853075.35,0.92
LEON,2022-07,4195633.69,0.91
LEON,2022-08,3952882.89,0.99
LEON,2022-09,4731940.69,1.03
LEON,2022-10,7140819.37,1.41
LEON,2022-11,20756694.6,1.57
LEON,2022-12,32203277.49,1.42
LEON,2023-01,40578135.82,1.32
LEON,2023-02,36011918.36,1.31
LEON,2023-03,23535972.59,1.38
LEON,2023-04,11671221.02,1.37
LEON,2023-05,8080352.37,1.19
LEON,2023-06,5233783.25,0.98
LEON,2023-07,3835283.76,0.91
LEON,2023-08,3147396.75,0.91
LEON,2023-09,3774991.88,0.96
LEON,2023-10,6577660.91,1.3
LEON,2023-11,18503793.45,1.43
LEON,2023-12,31472815.27,1.35
LEON,2024-01,30688590.64,1.31
LEON,2024-02,23002929.33,1.33
LEON,2024-03,19293318.48,1.36
LEON,2024-04,12364804.43,1.44
LEON,2024-05,6560795.15,1.41
LEON,2024-06,823267.33,1.1
LLEIDA,2021-10,12971235.98,2.23
LLEIDA,2021-11,42490975.29,2.35
LLEIDA,2021-12,60797790.34,2.66
LLEIDA,2022-01,76968950.19,2.65
LLEIDA,2022-02,56549473.43,2.42
LLEIDA,2022-03,47185630.58,2.23
LLEIDA,2022-04,30245812.04,2.02
LLEIDA,2022-05,13300580.65,1.87
LLEIDA,2022-06,9415968.51,1.78
LLEIDA,2022-07,8822340.86,1.9
LLEIDA,2022-08,8258565.82,2.07
LLEIDA,2022-09,9259382.27,2.02
LLEIDA,2022-10,9154569.55,1.81
LLEIDA,2022-11,28407191.0,2.15
LLEIDA,2022-12,55416918.02,2.44
LLEIDA,2023-01,77556581.18,2.51
LLEIDA,2023-02,65916759.09,2.41
LLEIDA,2023-03,38009502.75,2.23
LLEIDA,2023-04,17385002.51,2.05
LLEIDA,2023-05,12437156.84,1.83
LLEIDA,2023-06,9167008.58,1.72
LLEIDA,2023-07,7526824.63,1.78
LLEIDA,2023-08,6654473.35,1.93
LLEIDA,2023-09,7550979.18,1.92
LLEIDA,2023-10,9342059.07,1.85
LLEIDA,2023-11,27379970.01,2.12
LLEIDA,2023-12,59299560.64,2.55
LLEIDA,2024-01,62826455.64,2.67
LLEIDA,2024-02,44536899.41,2.58
LLEIDA,2024-03,33233529.2,2.35
LLEIDA,2024-04,18739809.7,2.18
LLEIDA,2024-05,10606336.12,2.28
LLEIDA,2024-06,1451908.33,1.93
LUGO,2021-10,3554267.03,0.61
LUGO,2021-11,9656514.22,0.53
LUGO,2021-12,11729869.84,0.51
LUGO,2022-01,14747371.23,0.51
LUGO,2022-02,13405593.48,0.57
LUGO,2022-03,12038628.88,0.57
LUGO,2022-04,8634483.63,0.58
LUGO,2022-05,4494513.36,0.63
LUGO,2022-06,3590446.0,0.68
LUGO,2022-07,3342261.8,0.72
LUGO,2022-08,2891989.21,0.73
LUGO,2022-09,3054970.42,0.67
LUGO,2022-10,3245457.16,0.64
LUGO,2022-11,7959773.62,0.6
LUGO,2022-12,12826831.9,0.56
LUGO,2023-01,16898157.98,0.55
LUGO,2023-02,16375204.7,0.6
LUGO,2023-03,11243831.87,0.66
LUGO,2023-04,5987650.14,0.71
LUGO,2023-05,4678854.15,0.69
LUGO,2023-06,3615455.69,0.68
LUGO,2023-07,2871655.33,0.68
LUGO,2023-08,2376322.92,0.69
LUGO,2023-09,2694795.34,0.69
LUGO,2023-10,3502958.05,0.69
LUGO,2023-11,8650380.94,0.67
LUGO,2023-12,14714998.37,0.63
LUGO,2024-01,13649934.3,0.58
LUGO,2024-02,10252530.87,0.59
LUGO,2024-03,9014702.15,0.64
LUGO,2024-04,6189487.61,0.72
LUGO,2024-05,3815458.82,0.82
LUGO,2024-06,695753.0,0.93
MADRID,2021-10,120533821.59,20.72
MADRID,2021-11,389876992.26,21.57
MADRID,2021-12,499594411.73,21.83
MADRID,2022-01,621238491.48,21.42
MADRID,2022-02,474416708.54,20.27
MADRID,2022-03,456430205.85,21.54
MADRID,2022-04,319555441.96,21.3
MADRID,2022-05,151385308.47,21.34
MADRID,2022-06,107467918.47,20.3
MADRID,2022-07,91343316.2,19.71
MADRID,2022-08,74752796.77,18.75
MADRID,2022-09,89796312.78,19.63
MADRID,2022-10,109570548.53,21.71
MADRID,2022-11,305194962.4,23.06
MADRID,2022-12,516676972.67,22.75
MADRID,2023-01,678286007.58,21.98
MADRID,2023-02,581706611.23,21.23
MADRID,2023-03,355377465.17,20.88
MADRID,2023-04,169366794.25,19.94
MADRID,2023-05,134075648.85,19.71
MADRID,2023-06,106156893.15,19.87
MADRID,2023-07,80737338.65,19.12
MADRID,2023-08,66443136.56,19.28
MADRID,2023-09,82414273.24,20.98
MADRID,2023-10,126033576.68,24.94
MADRID,2023-11,327076132.23,25.29
MADRID,2023-12,543737675.97,23.4
MADRID,2024-01,538069972.63,22.91
MADRID,2024-02,405056477.45,23.47
MADRID,2024-03,340360479.41,24.05
MADRID,2024-04,194896345.16,22.66
MADRID,2024-05,101043865.08,21.71
MADRID,2024-06,16084284.28,21.44
MALAGA,2021-10,5144636.95,0.88
MALAGA,2021-11,8032496.62,0.44
MALAGA,2021-12,9145668.69,0.4
MALAGA,2022-01,10828504.78,0.37
MALAGA,2022-02,9948832.45,0.42
MALAGA,2022-03,10145173.68,0.48
MALAGA,2022-04,9341446.93,0.62
MALAGA,2022-05,5752110.14,0.81
MALAGA,2022-06,5471978.62,1.03
MALAGA,2022-07,5502190.51,1.19
MALAGA,2022-08,5294931.99,1.33
MALAGA,2022-09,5899734.0,1.29
MALAGA,2022-10,5080259.19,1.01
MALAGA,2022-11,7937056.04,0.6
MALAGA,2022-12,9834611.58,0.43
MALAGA,2023-01,11583579.39,0.38
MALAGA,2023-02,10755551.44,0.39
MALAGA,2023-03,8212325.94,0.48
MALAGA,2023-04,5909483.23,0.7
MALAGA,2023-05,5963573.79,0.88
MALAGA,2023-06,5503857.87,1.03
MALAGA,2023-07,5000485.26,1.18
MALAGA,2023-08,4253002.97,1.23
MALAGA,2023-09,4546626.83,1.16
MALAGA,2023-10,4186430.86,0.83
MALAGA,2023-11,7458815.71,0.58
MALAGA,2023-12,9227686.57,0.4
MALAGA,2024-01,8883494.7,0.38
MALAGA,2024-02,7599155.44,0.44
MALAGA,2024-03,7220792.44,0.51
MALAGA,2024-04,5872788.78,0.68
MALAGA,2024-05,3769932.02,0.81
MALAGA,2024-06,588289.25,0.78
MURCIA,2021-10,1226483.81,0.21
MURCIA,2021-11,3111200.14,0.17
MURCIA,2021-12,5002530.38,0.22
MURCIA,2022-01,6170870.15,0.21
MURCIA,2022-02,4641968.56,0.2
MURCIA,2022-03,4602281.53,0.22
MURCIA,2022-04,3684955.42,0.25
MURCIA,2022-05,1856415.36,0.26
MURCIA,2022-06,1606635.67,0.3
MURCIA,2022-07,1300575.07,0.28
MURCIA,2022-08,1083519.12,0.27
MURCIA,2022-09,1301675.52,0.28
MURCIA,2022-10,1135440.86,0.22
MURCIA,2022-11,2544227.07,0.19
MURCIA,2022-12,4049510.89,0.18
MURCIA,2023-01,5945384.83,0.19
MURCIA,2023-02,5909769.48,0.22
MURCIA,2023-03,3679974.33,0.22
MURCIA,2023-04,1979099.2,0.23
MURCIA,2023-05,1683096.62,0.25
MURCIA,2023-06,1338686.4,0.25
MURCIA,2023-07,989341.85,0.23
MURCIA,2023-08,846304.79,0.25
MURCIA,2023-09,1004360.17,0.26
MURCIA,2023-10,991342.36,0.2
MURCIA,2023-11,2393396.18,0.19
MURCIA,2023-12,4419981.21,0.19
MURCIA,2024-01,4859123.5,0.21
MURCIA,2024-02,3806033.36,0.22
MURCIA,2024-03,3152396.67,0.22
MURCIA,2024-04,1961732.84,0.23
MURCIA,2024-05,1125500.1,0.24
MURCIA,2024-06,174195.81,0.23
NAVARRA,2021-10,18406582.68,3.16
NAVARRA,2021-11,65192391.15,3.61
NAVARRA,2021-12,74440209.9,3.25
NAVARRA,2022-01,98595132.68,3.4
NAVARRA,2022-02,74994341.59,3.2
NAVARRA,2022-03,66936917.88,3.16
NAVARRA,2022-04,46334268.7,3.09
NAVARRA,2022-05,20753066.31,2.92
NAVARRA,2022-06,13903448.44,2.63
NAVARRA,2022-07,11499177.79,2.48
NAVARRA,2022-08,9915410.56,2.49
NAVARRA,2022-09,11069027.24,2.42
NAVARRA,2022-10,13089755.95,2.59
NAVARRA,2022-11,42222346.33,3.19
NAVARRA,2022-12,76717345.03,3.38
NAVARRA,2023-01,100303881.06,3.25
NAVARRA,2023-02,87557442.63,3.2
NAVARRA,2023-03,54270876.54,3.19
NAVARRA,2023-04,26513371.17,3.12
NAVARRA,2023-05,19950529.65,2.93
NAVARRA,2023-06,14753808.59,2.76
NAVARRA,2023-07,11276945.32,2.67
NAVARRA,2023-08,8949871.18,2.6
NAVARRA,2023-09,9553228.01,2.43
NAVARRA,2023-10,12941456.79,2.56
NAVARRA,2023-11,38347952.16,2.96
NAVARRA,2023-12,71730231.11,3.09
NAVARRA,2024-01,72528145.09,3.09
NAVARRA,2024-02,54262434.65,3.14
NAVARRA,2024-03,44005229.22,3.11
NAVARRA,2024-04,26402150.0,3.07
NAVARRA,2024-05,14613217.87,3.14
NAVARRA,2024-06,2475998.81,3.3
OURENSE,2021-10,4383856.46,0.75
OURENSE,2021-11,10097838.81,0.56
OURENSE,2021-12,11420262.21,0.5
OURENSE,2022-01,15455996.51,0.53
OURENSE,2022-02,13459486.46,0.57
OURENSE,2022-03,11793152.91,0.56
OURENSE,2022-04,8355143.06,0.56
OURENSE,2022-05,4191523.06,0.59
OURENSE,2022-06,3419204.48,0.65
OURENSE,2022-07,3008026.95,0.65
OURENSE,2022-08,2376814.32,0.6
OURENSE,2022-09,2546140.8,0.56
OURENSE,2022-10,2896444.64,0.57
OURENSE,2022-11,7608664.8,0.57
OURENSE,2022-12,12798846.48,0.56
OURENSE,2023-01,17025073.6,0.55
OURENSE,2023-02,15524289.64,0.57
OURENSE,2023-03,10417484.74,0.61
OURENSE,2023-04,5372695.45,0.63
OURENSE,2023-05,4400195.4,0.65
OURENSE,2023-06,3239807.49,0.61
OURENSE,2023-07,2378045.99,0.56
OURENSE,2023-08,2031369.96,0.59
OURENSE,2023-09,2435891.61,0.62
OURENSE,2023-10,3069014.64,0.61
OURENSE,2023-11,7967574.91,0.62
OURENSE,2023-12,14434695.9,0.62
OURENSE,2024-01,13848705.02,0.59
OURENSE,2024-02,10376627.94,0.6
OURENSE,2024-03,8956874.47,0.63
OURENSE,2024-04,5481467.04,0.64
OURENSE,2024-05,2883420.18,0.62
OURENSE,2024-06,491898.98,0.66
PALENCIA,2021-10,4720839.96,0.81
PALENCIA,2021-11,16543934.13,0.92
PALENCIA,2021-12,18506566.94,0.81
PALENCIA,2022-01,23519503.29,0.81
PALENCIA,2022-02,19526327.18,0.83
PALENCIA,2022-03,16863701.87,0.8
PALENCIA,2022-04,12188083.27,0.81
PALENCIA,2022-05,4860739.46,0.69
PALENCIA,2022-06,2840223.72,0.54
PALENCIA,2022-07,2305522.17,0.5
PALENCIA,2022-08,1925697.8,0.48
PALENCIA,2022-09,2490793.64,0.54
PALENCIA,2022-10,3741621.04,0.74
PALENCIA,2022-11,11800856.23,0.89
PALENCIA,2022-12,20529674.98,0.9
PALENCIA,2023-01,26304307.01,0.85
PALENCIA,2023-02,23458435.87,0.86
PALENCIA,2023-03,14773494.99,0.87
PALENCIA,2023-04,6838419.55,0.81
PALENCIA,2023-05,4455189.53,0.66
PALENCIA,2023-06,3075109.04,0.58
PALENCIA,2023-07,2457343.45,0.58
PALENCIA,2023-08,1851389.21,0.54
PALENCIA,2023-09,2220660.68,0.57
PALENCIA,2023-10,4060396.0,0.8
PALENCIA,2023-11,11754730.05,0.91
PALENCIA,2023-12,20553937.87,0.88
PALENCIA,2024-01,20176713.29,0.86
PALENCIA,2024-02,14742392.04,0.85
PALENCIA,2024-03,11932984.91,0.84
PALENCIA,2024-04,7200202.18,0.84
PALENCIA,2024-05,3975246.04,0.85
PALENCIA,2024-06,679585.65,0.91
PONTEVEDRA,2021-10,12244048.83,2.11
PONTEVEDRA,2021-11,29921698.2,1.66
PONTEVEDRA,2021-12,33002921.97,1.44
PONTEVEDRA,2022-01,46553082.11,1.61
PONTEVEDRA,2022-02,39132416.03,1.67
PONTEVEDRA,2022-03,35288315.13,1.67
PONTEVEDRA,2022-04,26866819.42,1.79
PONTEVEDRA,2022-05,15252160.81,2.15
PONTEVEDRA,2022-06,13090751.35,2.47
PONTEVEDRA,2022-07,12190414.94,2.63
PONTEVEDRA,2022-08,10751474.18,2.7
PONTEVEDRA,2022-09,11657496.87,2.55
PONTEVEDRA,2022-10,11099025.08,2.2
PONTEVEDRA,2022-11,24415389.04,1.84
PONTEVEDRA,2022-12,38387475.59,1.69
PONTEVEDRA,2023-01,50249866.17,1.63
PONTEVEDRA,2023-02,46369845.52,1.69
PONTEVEDRA,2023-03,32082363.14,1.88
PONTEVEDRA,2023-04,18261348.82,2.15
PONTEVEDRA,2023-05,16289676.14,2.4
PONTEVEDRA,2023-06,14061730.51,2.63
PONTEVEDRA,2023-07,11573180.95,2.74
PONTEVEDRA,2023-08,9834758.51,2.85
PONTEVEDRA,2023-09,10928754.23,2.78
PONTEVEDRA,2023-10,11935685.1,2.36
PONTEVEDRA,2023-11,26477450.83,2.05
PONTEVEDRA,2023-12,43669739.6,1.88
PONTEVEDRA,2024-01,42630444.73,1.81
PONTEVEDRA,2024-02,32994776.58,1.91
PONTEVEDRA,2024-03,28918280.95,2.04
PONTEVEDRA,2024-04,19367737.5,2.25
PONTEVEDRA,2024-05,11707437.14,2.52
PONTEVEDRA,2024-06,2311388.39,3.08
SALAMANCA,2021-10,6713292.52,1.15
SALAMANCA,2021-11,22340039.58,1.24
SALAMANCA,2021-12,28309251.13,1.24
SALAMANCA,2022-01,35404954.32,1.22
SALAMANCA,2022-02,28984299.76,1.24
SALAMANCA,2022-03,26245511.9,1.24
SALAMANCA,2022-04,18040623.03,1.2
SALAMANCA,2022-05,7580504.72,1.07
SALAMANCA,2022-06,4810184.57,0.91
SALAMANCA,2022-07,4071676.23,0.88
SALAMANCA,2022-08,3419688.72,0.86
SALAMANCA,2022-09,3986978.5,0.87
SALAMANCA,2022-10,5400899.99,1.07
SALAMANCA,2022-11,16674964.76,1.26
SALAMANCA,2022-12,28567678.8,1.26
SALAMANCA,2023-01,37758894.1,1.22
SALAMANCA,2023-02,33752593.57,1.23
SALAMANCA,2023-03,20920411.11,1.23
SALAMANCA,2023-04,9553729.54,1.13
SALAMANCA,2023-05,6712734.63,0.99
SALAMANCA,2023-06,4711301.27,0.88
SALAMANCA,2023-07,3607837.92,0.85
SALAMANCA,2023-08,2854329.21,0.83
SALAMANCA,2023-09,3506241.38,0.89
SALAMANCA,2023-10,6321326.39,1.25
SALAMANCA,2023-11,17868384.35,1.38
SALAMANCA,2023-12,30931218.84,1.33
SALAMANCA,2024-01,29300995.92,1.25
SALAMANCA,2024-02,21783341.87,1.26
SALAMANCA,2024-03,18755315.5,1.33
SALAMANCA,2024-04,11449828.98,1.33
SALAMANCA,2024-05,6107792.55,1.31
SALAMANCA,2024-06,981122.16,1.31
SEGOVIA,2021-10,4312486.75,0.74
SEGOVIA,2021-11,15218747.06,0.84
SEGOVIA,2021-12,18008439.32,0.79
SEGOVIA,2022-01,22266357.69,0.77
SEGOVIA,2022-02,16483364.81,0.7
SEGOVIA,2022-03,17767642.21,0.84
SEGOVIA,2022-04,12382848.95,0.83
SEGOVIA,2022-05,5061530.1,0.71
SEGOVIA,2022-06,3239548.92,0.61
SEGOVIA,2022-07,2596789.28,0.56
SEGOVIA,2022-08,2048216.13,0.51
SEGOVIA,2022-09,2600269.95,0.57
SEGOVIA,2022-10,4000273.75,0.79
SEGOVIA,2022-11,10906525.27,0.82
SEGOVIA,2022-12,18122218.78,0.8
SEGOVIA,2023-01,23566109.12,0.76
SEGOVIA,2023-02,21665092.01,0.79
SEGOVIA,2023-03,13715294.69,0.81
SEGOVIA,2023-04,6560366.7,0.77
SEGOVIA,2023-05,4688741.98,0.69
SEGOVIA,2023-06,3409584.02,0.64
SEGOVIA,2023-07,2596854.71,0.62
SEGOVIA,2023-08,2003259.58,0.58
SEGOVIA,2023-09,2483928.3,0.63
SEGOVIA,2023-10,4257700.0,0.84
SEGOVIA,2023-11,11581433.81,0.9
SEGOVIA,2023-12,19225140.16,0.83
SEGOVIA,2024-01,18723452.17,0.8
SEGOVIA,2024-02,13856644.81,0.8
SEGOVIA,2024-03,11987524.73,0.85
SEGOVIA,2024-04,7696021.06,0.89
SEGOVIA,2024-05,4323612.11,0.93
SEGOVIA,2024-06,901978.58,1.2
SEVILLA,2021-10,8278798.41,1.42
SEVILLA,2021-11,14681665.92,0.81
SEVILLA,2021-12,16787009.11,0.73
SEVILLA,2022-01,20497634.23,0.71
SEVILLA,2022-02,17959997.82,0.77
SEVILLA,2022-03,17590944.09,0.83
SEVILLA,2022-04,15455357.37,1.03
SEVILLA,2022-05,9591668.36,1.35
SEVILLA,2022-06,8468571.25,1.6
SEVILLA,2022-07,7739697.65,1.67
SEVILLA,2022-08,7294498.43,1.83
SEVILLA,2022-09,8498762.99,1.86
SEVILLA,2022-10,7532918.23,1.49
SEVILLA,2022-11,13040741.62,0.99
SEVILLA,2022-12,17199946.51,0.76
SEVILLA,2023-01,22136117.42,0.72
SEVILLA,2023-02,20612626.0,0.75
SEVILLA,2023-03,16611326.92,0.98
SEVILLA,2023-04,10984373.14,1.29
SEVILLA,2023-05,9844409.67,1.45
SEVILLA,2023-06,8442566.81,1.58
SEVILLA,2023-07,6950007.59,1.65
SEVILLA,2023-08,6126723.04,1.78
SEVILLA,2023-09,7232080.66,1.84
SEVILLA,2023-10,7168469.1,1.42
SEVILLA,2023-11,13355125.19,1.03
SEVILLA,2023-12,19126501.97,0.82
SEVILLA,2024-01,18503440.56,0.79
SEVILLA,2024-02,14484834.68,0.84
SEVILLA,2024-03,13128969.62,0.93
SEVILLA,2024-04,10171940.93,1.18
SEVILLA,2024-05,6072096.36,1.3
SEVILLA,2024-06,1019555.45,1.36
SORIA,2021-10,1750501.18,0.3
SORIA,2021-11,5247854.84,0.29
SORIA,2021-12,6804212.74,0.3
SORIA,2022-01,7501138.06,0.26
SORIA,2022-02,6450519.61,0.28
SORIA,2022-03,5970431.27,0.28
SORIA,2022-04,4780755.1,0.32
SORIA,2022-05,2006176.67,0.28
SORIA,2022-06,1095617.48,0.21
SORIA,2022-07,973850.44,0.21
SORIA,2022-08,880919.17,0.22
SORIA,2022-09,1033517.9,0.23
SORIA,2022-10,1339540.95,0.27
SORIA,2022-11,3890305.73,0.29
SORIA,2022-12,6509615.87,0.29
SORIA,2023-01,8645133.93,0.28
SORIA,2023-02,7635602.0,0.28
SORIA,2023-03,5056652.39,0.3
SORIA,2023-04,2673809.09,0.31
SORIA,2023-05,1996957.98,0.29
SORIA,2023-06,1292411.72,0.24
SORIA,2023-07,861061.52,0.2
SORIA,2023-08,703404.1,0.2
SORIA,2023-09,928822.33,0.24
SORIA,2023-10,1457124.92,0.29
SORIA,2023-11,3807749.26,0.29
SORIA,2023-12,6278806.07,0.27
SORIA,2024-01,6130128.39,0.26
SORIA,2024-02,4597249.73,0.27
SORIA,2024-03,3957106.21,0.28
SORIA,2024-04,2478039.68,0.29
SORIA,2024-05,1322382.51,0.28
SORIA,2024-06,159640.57,0.21
TARRAGONA,2021-10,16302913.55,2.8
TARRAGONA,2021-11,44585515.18,2.47
TARRAGONA,2021-12,56684896.92,2.48
TARRAGONA,2022-01,77592395.95,2.68
TARRAGONA,2022-02,61815417.68,2.64
TARRAGONA,2022-03,55446256.64,2.62
TARRAGONA,2022-04,37606615.99,2.51
TARRAGONA,2022-05,18239874.49,2.57
TARRAGONA,2022-06,15384190.71,2.91
TARRAGONA,2022-07,14600613.88,3.15
TARRAGONA,2022-08,13140028.76,3.3
TARRAGONA,2022-09,13707438.62,3.0
TARRAGONA,2022-10,12672972.46,2.51
TARRAGONA,2022-11,32002601.05,2.42
TARRAGONA,2022-12,53842722.19,2.37
TARRAGONA,2023-01,74890467.87,2.43
TARRAGONA,2023-02,70740545.85,2.58
TARRAGONA,2023-03,44679090.35,2.62
TARRAGONA,2023-04,22833617.68,2.69
TARRAGONA,2023-05,17739365.89,2.61
TARRAGONA,2023-06,14247148.68,2.67
TARRAGONA,2023-07,12176343.63,2.88
TARRAGONA,2023-08,10962848.28,3.18
TARRAGONA,2023-09,11571222.28,2.95
TARRAGONA,2023-10,11171975.41,2.21
TARRAGONA,2023-11,27459209.09,2.12
TARRAGONA,2023-12,51939618.06,2.23
TARRAGONA,2024-01,54287918.47,2.31
TARRAGONA,2024-02,42408640.08,2.46
TARRAGONA,2024-03,35343189.49,2.5
TARRAGONA,2024-04,23113755.37,2.69
TARRAGONA,2024-05,12451959.86,2.68
TARRAGONA,2024-06,1606816.64,2.14
TERUEL,2021-10,365119.99,0.06
TERUEL,2021-11,1296507.81,0.07
TERUEL,2021-12,2038842.1,0.09
TERUEL,2022-01,2254559.0,0.08
TERUEL,2022-02,1717803.31,0.07
TERUEL,2022-03,1583204.07,0.07
TERUEL,2022-04,1226467.47,0.08
TERUEL,2022-05,493243.27,0.07
TERUEL,2022-06,310758.38,0.06
TERUEL,2022-07,258779.24,0.06
TERUEL,2022-08,239775.57,0.06
TERUEL,2022-09,286330.73,0.06
TERUEL,2022-10,311073.88,0.06
TERUEL,2022-11,941213.54,0.07
TERUEL,2022-12,1630277.38,0.07
TERUEL,2023-01,2246743.75,0.07
TERUEL,2023-02,2156821.22,0.08
TERUEL,2023-03,1342268.17,0.08
TERUEL,2023-04,596511.68,0.07
TERUEL,2023-05,391029.85,0.06
TERUEL,2023-06,250088.57,0.05
TERUEL,2023-07,163378.88,0.04
TERUEL,2023-08,125945.88,0.04
TERUEL,2023-09,181767.27,0.05
TERUEL,2023-10,286300.9,0.06
TERUEL,2023-11,829668.12,0.06
TERUEL,2023-12,1596630.18,0.07
TERUEL,2024-01,1671073.15,0.07
TERUEL,2024-02,1278794.58,0.07
TERUEL,2024-03,1017837.19,0.07
TERUEL,2024-04,555827.86,0.06
TERUEL,2024-05,294548.9,0.06
TERUEL,2024-06,26624.86,0.04
TOLEDO,2021-10,4883572.92,0.84
TOLEDO,2021-11,19843969.14,1.1
TOLEDO,2021-12,24906356.13,1.09
TOLEDO,2022-01,32461466.53,1.12
TOLEDO,2022-02,26752131.22,1.14
TOLEDO,2022-03,24013551.54,1.13
TOLEDO,2022-04,15674370.78,1.04
TOLEDO,2022-05,5735963.02,0.81
TOLEDO,2022-06,3654896.97,0.69
TOLEDO,2022-07,2567603.72,0.55
TOLEDO,2022-08,2054958.92,0.52
TOLEDO,2022-09,2613876.77,0.57
TOLEDO,2022-10,4008437.76,0.79
TOLEDO,2022-11,13273290.78,1.0
TOLEDO,2022-12,23930980.42,1.05
TOLEDO,2023-01,34261085.87,1.11
TOLEDO,2023-02,30217702.54,1.1
TOLEDO,2023-03,16667943.88,0.98
TOLEDO,2023-04,6714839.65,0.79
TOLEDO,2023-05,4248600.16,0.62
TOLEDO,2023-06,3174059.97,0.59
TOLEDO,2023-07,2221185.91,0.53
TOLEDO,2023-08,1768265.65,0.51
TOLEDO,2023-09,2373448.72,0.6
TOLEDO,2023-10,4234345.5,0.84
TOLEDO,2023-11,13569016.58,1.05
TOLEDO,2023-12,25118315.93,1.08
TOLEDO,2024-01,24999716.74,1.06
TOLEDO,2024-02,17262074.16,1.0
TOLEDO,2024-03,12688430.66,0.9
TOLEDO,2024-04,6246100.88,0.73
TOLEDO,2024-05,2737754.53,0.59
TOLEDO,2024-06,518542.72,0.69
VALENCIA,2021-10,27078503.37,4.66
VALENCIA,2021-11,70939325.91,3.92
VALENCIA,2021-12,95417983.69,4.17
VALENCIA,2022-01,115142681.26,3.97
VALENCIA,2022-02,110248755.46,4.71
VALENCIA,2022-03,105600074.35,4.98
VALENCIA,2022-04,79119393.69,5.27
VALENCIA,2022-05,39144737.98,5.52
VALENCIA,2022-06,30867611.51,5.83
VALENCIA,2022-07,27686202.97,5.97
VALENCIA,2022-08,23512423.27,5.9
VALENCIA,2022-09,26456801.01,5.78
VALENCIA,2022-10,25381263.41,5.03
VALENCIA,2022-11,52667608.79,3.98
VALENCIA,2022-12,85973873.76,3.78
VALENCIA,2023-01,130786669.12,4.24
VALENCIA,2023-02,127253702.78,4.64
VALENCIA,2023-03,81082907.69,4.76
VALENCIA,2023-04,44034687.08,5.19
VALENCIA,2023-05,38879310.33,5.72
VALENCIA,2023-06,30374795.22,5.68
VALENCIA,2023-07,22996021.05,5.45
VALENCIA,2023-08,18922923.27,5.49
VALENCIA,2023-09,21330534.03,5.43
VALENCIA,2023-10,22573732.39,4.47
VALENCIA,2023-11,49992189.98,3.86
VALENCIA,2023-12,89988863.4,3.87
VALENCIA,2024-01,97407447.86,4.15
VALENCIA,2024-02,76281183.85,4.42
VALENCIA,2024-03,64236263.31,4.54
VALENCIA,2024-04,40915781.0,4.76
VALENCIA,2024-05,22333674.19,4.8
VALENCIA,2024-06,3204485.27,4.27
VALLADOLID,2021-10,16567369.97,2.85
VALLADOLID,2021-11,59417743.7,3.29
VALLADOLID,2021-12,73961111.02,3.23
VALLADOLID,2022-01,85815684.53,2.96
VALLADOLID,2022-02,72339522.14,3.09
VALLADOLID,2022-03,64366446.15,3.04
VALLADOLID,2022-04,42692395.7,2.85
VALLADOLID,2022-05,18058048.81,2.55
VALLADOLID,2022-06,11230485.22,2.12
VALLADOLID,2022-07,9035136.6,1.95
VALLADOLID,2022-08,7691678.27,1.93
VALLADOLID,2022-09,10073302.07,2.2
VALLADOLID,2022-10,13987191.52,2.77
VALLADOLID,2022-11,43423650.76,3.28
VALLADOLID,2022-12,75953181.89,3.34
VALLADOLID,2023-01,97960936.96,3.17
VALLADOLID,2023-02,86392082.94,3.15
VALLADOLID,2023-03,52987155.53,3.11
VALLADOLID,2023-04,23365032.84,2.75
VALLADOLID,2023-05,15490841.8,2.28
VALLADOLID,2023-06,12240001.43,2.29
VALLADOLID,2023-07,9690982.59,2.3
VALLADOLID,2023-08,6487542.13,1.88
VALLADOLID,2023-09,8075017.57,2.06
VALLADOLID,2023-10,15423812.41,3.05
VALLADOLID,2023-11,45718205.42,3.53
VALLADOLID,2023-12,79619368.57,3.43
VALLADOLID,2024-01,76174812.77,3.24
VALLADOLID,2024-02,56897698.95,3.3
VALLADOLID,2024-03,47200972.19,3.33
VALLADOLID,2024-04,28406440.91,3.3
VALLADOLID,2024-05,16132416.74,3.47
VALLADOLID,2024-06,2689727.69,3.58
ZAMORA,2021-10,3502075.13,0.6
ZAMORA,2021-11,11616692.16,0.64
ZAMORA,2021-12,15617006.88,0.68
ZAMORA,2022-01,18779560.76,0.65
ZAMORA,2022-02,15556747.29,0.66
ZAMORA,2022-03,13479321.92,0.64
ZAMORA,2022-04,8807403.9,0.59
ZAMORA,2022-05,3817910.39,0.54
ZAMORA,2022-06,2265376.29,0.43
ZAMORA,2022-07,2030382.32,0.44
ZAMORA,2022-08,1752229.26,0.44
ZAMORA,2022-09,2086475.56,0.46
ZAMORA,2022-10,3018233.28,0.6
ZAMORA,2022-11,9194878.33,0.69
ZAMORA,2022-12,15720583.74,0.69
ZAMORA,2023-01,20952117.5,0.68
ZAMORA,2023-02,18673379.41,0.68
ZAMORA,2023-03,11541794.62,0.68
ZAMORA,2023-04,5149404.48,0.61
ZAMORA,2023-05,3546307.15,0.52
ZAMORA,2023-06,2492366.04,0.47
ZAMORA,2023-07,1922322.55,0.46
ZAMORA,2023-08,1457215.82,0.42
ZAMORA,2023-09,1833212.58,0.47
ZAMORA,2023-10,3264728.82,0.65
ZAMORA,2023-11,9897136.87,0.77
ZAMORA,2023-12,18169356.9,0.78
ZAMORA,2024-01,17858282.47,0.76
ZAMORA,2024-02,12850419.0,0.74
ZAMORA,2024-03,10545853.38,0.75
ZAMORA,2024-04,6227197.4,0.72
ZAMORA,2024-05,3511547.92,0.75
ZAMORA,2024-06,552998.53,0.74
ZARAGOZA,2021-10,3687770.2,0.63
ZARAGOZA,2021-11,16791972.85,0.93
ZARAGOZA,2021-12,24918938.83,1.09
ZARAGOZA,2022-01,29978960.92,1.03
ZARAGOZA,2022-02,17984141.34,0.77
ZARAGOZA,2022-03,16516574.59,0.78
ZARAGOZA,2022-04,10245046.89,0.68
ZARAGOZA,2022-05,4199531.91,0.59
ZARAGOZA,2022-06,2513816.39,0.47
ZARAGOZA,2022-07,1952984.66,0.42
ZARAGOZA,2022-08,1587397.07,0.4
ZARAGOZA,2022-09,2178921.69,0.48
ZARAGOZA,2022-10,3146332.67,0.62
ZARAGOZA,2022-11,10834574.46,0.82
ZARAGOZA,2022-12,20306801.13,0.89
ZARAGOZA,2023-01,26989470.27,0.87
ZARAGOZA,2023-02,22901598.05,0.84
ZARAGOZA,2023-03,12850848.0,0.75
ZARAGOZA,2023-04,5058769.91,0.6
ZARAGOZA,2023-05,3027286.49,0.45
ZARAGOZA,2023-06,1947295.03,0.36
ZARAGOZA,2023-07,1394853.81,0.33
ZARAGOZA,2023-08,1168819.7,0.34
ZARAGOZA,2023-09,1617958.58,0.41
ZARAGOZA,2023-10,2459718.37,0.49
ZARAGOZA,2023-11,8607455.7,0.67
ZARAGOZA,2023-12,19053319.98,0.82
ZARAGOZA,2024-01,21474302.47,0.91
ZARAGOZA,2024-02,15235341.61,0.88
ZARAGOZA,2024-03,10732011.93,0.76
ZARAGOZA,2024-04,5235653.38,0.61
ZARAGOZA,2024-05,2652024.39,0.57
ZARAGOZA,2024-06,457789.5,0.61
