FECHA,Temp_Ponderada_MAX,Temp_Ponderada_MIN
2021-10-01,25.06,14.28
2021-10-02,24.99,14.3
2021-10-03,22.5,13.0
2021-10-04,19.24,10.54
2021-10-05,23.24,11.1
2021-10-06,22.22,13.15
2021-10-07,23.75,11.34
2021-10-08,23.69,12.07
2021-10-09,22.24,12.38
2021-10-10,22.01,13.0
2021-10-11,23.12,11.37
2021-10-12,23.22,10.67
2021-10-13,22.92,10.88
2021-10-14,22.55,10.36
2021-10-15,23.69,11.09
2021-10-16,21.51,11.97
2021-10-17,21.75,13.2
2021-10-18,23.34,13.51
2021-10-19,24.63,14.28
2021-10-20,24.1,14.93
2021-10-21,21.46,13.0
2021-10-22,20.09,11.21
2021-10-23,19.9,8.71
2021-10-24,21.2,7.78
2021-10-25,20.77,8.61
2021-10-26,21.16,9.72
2021-10-27,20.92,8.66
2021-10-28,20.72,9.08
2021-10-29,19.32,12.43
2021-10-30,20.02,14.53
2021-10-31,22.1,14.47
2021-11-01,20.03,11.83
2021-11-02,16.97,9.28
2021-11-03,14.55,7.49
2021-11-04,14.53,5.43
2021-11-05,14.18,5.08
2021-11-06,15.48,4.63
2021-11-07,16.28,4.14
2021-11-08,18.27,6.3
2021-11-09,16.64,6.01
2021-11-10,16.05,6.54
2021-11-11,16.89,7.1
2021-11-12,17.6,8.57
2021-11-13,17.55,8.36
2021-11-14,16.59,6.68
2021-11-15,15.02,6.83
2021-11-16,14.2,5.95
2021-11-17,15.33,6.01
2021-11-18,15.22,5.18
2021-11-19,16.11,5.23
2021-11-20,14.82,6.54
2021-11-21,16.11,7.73
2021-11-22,12.21,6.33
2021-11-23,11.17,6.06
2021-11-24,10.98,5.13
2021-11-25,11.47,5.06
2021-11-26,11.94,4.38
2021-11-27,10.98,3.07
2021-11-28,9.57,2.47
2021-11-29,13.69,4.4
2021-11-30,13.89,3.62
2021-12-01,13.0,3.23
2021-12-02,11.84,4.59
2021-12-03,13.01,3.21
2021-12-04,15.32,4.61
2021-12-05,12.06,5.12
2021-12-06,13.89,4.6
2021-12-07,14.12,4.89
2021-12-08,11.2,4.99
2021-12-09,12.17,4.76
2021-12-10,15.56,7.92
2021-12-11,15.55,6.21
2021-12-12,15.54,5.34
2021-12-13,13.98,3.95
2021-12-14,14.42,3.54
2021-12-15,15.29,3.41
2021-12-16,13.54,3.2
2021-12-17,12.61,3.47
2021-12-18,11.97,3.02
2021-12-19,12.39,3.57
2021-12-20,12.56,2.99
2021-12-21,13.56,4.86
2021-12-22,12.64,7.02
2021-12-23,13.5,7.76
2021-12-24,13.82,8.98
2021-12-25,14.42,8.49
2021-12-26,14.71,8.05
2021-12-27,17.66,10.12
2021-12-28,17.86,10.54
2021-12-29,17.8,8.74
2021-12-30,18.09,6.72
2021-12-31,17.27,5.13
2022-01-01,16.6,4.95
2022-01-02,14.72,4.92
2022-01-03,14.95,5.02
2022-01-04,16.77,6.05
2022-01-05,11.09,3.97
2022-01-06,10.18,1.52
2022-01-07,11.82,1.34
2022-01-08,11.98,1.96
2022-01-09,14.3,5.63
2022-01-10,14.3,7.83
2022-01-11,14.61,5.03
2022-01-12,12.36,3.07
2022-01-13,11.5,0.41
2022-01-14,11.63,-0.31
2022-01-15,11.7,-0.37
2022-01-16,12.17,-0.68
2022-01-17,13.02,0.25
2022-01-18,12.74,-0.02
2022-01-19,12.51,0.26
2022-01-20,12.98,1.18
2022-01-21,10.44,1.12
2022-01-22,10.99,0.05
2022-01-23,11.59,0.43
2022-01-24,11.48,1.07
2022-01-25,12.87,1.7
2022-01-26,13.47,0.97
2022-01-27,14.72,1.27
2022-01-28,16.07,1.34
2022-01-29,16.47,1.22
2022-01-30,17.06,1.53
2022-01-31,15.78,1.96
2022-02-01,15.02,4.84
2022-02-02,19.0,3.43
2022-02-03,17.2,3.23
2022-02-04,14.43,4.29
2022-02-05,14.48,5.5
2022-02-06,14.6,3.24
2022-02-07,16.69,3.13
2022-02-08,16.63,3.95
2022-02-09,15.6,3.8
2022-02-10,14.62,3.19
2022-02-11,16.21,4.51
2022-02-12,14.38,5.44
2022-02-13,14.9,7.25
2022-02-14,14.66,5.92
2022-02-15,15.16,4.09
2022-02-16,16.06,6.37
2022-02-17,18.76,6.29
2022-02-18,18.48,5.38
2022-02-19,12.99,5.55
2022-02-20,15.22,3.4
2022-02-21,18.6,4.42
2022-02-22,18.52,4.71
2022-02-23,17.81,4.48
2022-02-24,16.34,5.78
2022-02-25,13.52,6.7
2022-02-26,12.86,5.68
2022-02-27,14.58,5.72
2022-02-28,16.24,5.89
2022-03-01,17.43,4.53
2022-03-02,15.88,6.97
2022-03-03,13.93,5.95
2022-03-04,14.14,5.82
2022-03-05,13.49,5.48
2022-03-06,11.82,4.94
2022-03-07,12.32,5.41
2022-03-08,13.11,5.29
2022-03-09,14.77,4.75
2022-03-10,15.35,6.77
2022-03-11,14.36,8.09
2022-03-12,14.35,6.37
2022-03-13,15.3,6.62
2022-03-14,13.77,7.86
2022-03-15,17.15,10.85
2022-03-16,15.54,10.84
2022-03-17,13.94,9.69
2022-03-18,15.0,8.86
2022-03-19,14.3,7.86
2022-03-20,15.15,8.75
2022-03-21,14.58,9.53
2022-03-22,13.95,8.45
2022-03-23,13.68,7.29
2022-03-24,13.6,7.55
2022-03-25,14.8,9.26
2022-03-26,14.15,8.87
2022-03-27,17.6,8.28
2022-03-28,18.35,7.42
2022-03-29,16.31,9.26
2022-03-30,14.21,8.36
2022-03-31,14.9,6.72
2022-04-01,12.52,3.83
2022-04-02,13.19,2.05
2022-04-03,10.42,1.72
2022-04-04,12.1,1.77
2022-04-05,13.91,3.22
2022-04-06,17.11,5.47
2022-04-07,21.19,6.85
2022-04-08,20.64,9.43
2022-04-09,19.06,9.83
2022-04-10,19.83,8.89
2022-04-11,19.65,9.26
2022-04-12,15.87,10.11
2022-04-13,16.32,8.68
2022-04-14,20.9,9.76
2022-04-15,23.7,10.44
2022-04-16,24.74,11.2
2022-04-17,23.25,10.72
2022-04-18,21.26,10.65
2022-04-19,17.53,8.71
2022-04-20,13.97,7.92
2022-04-21,15.65,7.09
2022-04-22,15.65,7.88
2022-04-23,14.91,7.94
2022-04-24,19.5,8.2
2022-04-25,20.11,8.07
2022-04-26,20.94,9.31
2022-04-27,18.73,11.08
2022-04-28,18.4,11.03
2022-04-29,23.01,10.53
2022-04-30,22.52,12.02
2022-05-01,22.63,11.84
2022-05-02,19.22,12.38
2022-05-03,18.18,11.37
2022-05-04,19.13,10.71
2022-05-05,21.99,10.66
2022-05-06,22.09,9.84
2022-05-07,23.94,10.87
2022-05-08,24.43,11.53
2022-05-09,25.45,12.16
2022-05-10,26.04,12.36
2022-05-11,24.67,12.72
2022-05-12,23.53,13.05
2022-05-13,25.91,12.94
2022-05-14,26.09,14.86
2022-05-15,25.23,14.91
2022-05-16,26.27,14.35
2022-05-17,26.64,14.43
2022-05-18,28.85,15.66
2022-05-19,28.82,16.63
2022-05-20,29.72,17.02
2022-05-21,31.17,16.77
2022-05-22,28.85,17.14
2022-05-23,26.35,15.56
2022-05-24,20.19,11.99
2022-05-25,20.85,10.5
2022-05-26,25.61,13.03
2022-05-27,28.18,15.02
2022-05-28,30.29,15.75
2022-05-29,27.77,16.0
2022-05-30,24.51,15.62
2022-05-31,27.02,14.53
2022-06-01,26.83,16.16
2022-06-02,26.54,16.42
2022-06-03,27.26,17.11
2022-06-04,26.87,16.34
2022-06-05,28.2,15.92
2022-06-06,28.24,16.63
2022-06-07,28.79,17.15
2022-06-08,26.94,18.17
2022-06-09,28.73,17.97
2022-06-10,30.26,17.41
2022-06-11,31.17,18.87
2022-06-12,31.89,19.79
2022-06-13,33.08,19.68
2022-06-14,32.78,20.2
2022-06-15,33.83,21.22
2022-06-16,33.9,21.17
2022-06-17,35.59,21.91
2022-06-18,33.57,21.25
2022-06-19,28.3,19.66
2022-06-20,27.82,19.21
2022-06-21,28.35,17.39
2022-06-22,26.5,17.46
2022-06-23,26.55,17.91
2022-06-24,28.16,16.67
2022-06-25,26.99,16.61
2022-06-26,26.14,17.07
2022-06-27,26.55,17.04
2022-06-28,28.75,16.04
2022-06-29,28.55,16.88
2022-06-30,27.39,17.6
2022-07-01,27.29,15.3
2022-07-02,28.97,16.93
2022-07-03,29.36,18.69
2022-07-04,31.71,19.67
2022-07-05,31.95,20.19
2022-07-06,29.7,20.07
2022-07-07,30.66,18.87
2022-07-08,31.7,18.98
2022-07-09,33.21,19.78
2022-07-10,33.59,20.35
2022-07-11,33.4,20.87
2022-07-12,34.86,21.22
2022-07-13,35.39,22.09
2022-07-14,35.39,22.17
2022-07-15,35.88,21.96
2022-07-16,35.75,22.57
2022-07-17,35.49,22.41
2022-07-18,34.18,21.56
2022-07-19,31.73,21.36
2022-07-20,32.48,20.6
2022-07-21,34.07,21.65
2022-07-22,33.54,21.87
2022-07-23,33.47,21.18
2022-07-24,34.7,21.47
2022-07-25,33.4,21.96
2022-07-26,32.35,21.55
2022-07-27,31.67,20.74
2022-07-28,31.93,20.83
2022-07-29,32.45,21.77
2022-07-30,32.89,21.81
2022-07-31,34.05,22.09
2022-08-01,34.92,22.38
2022-08-02,35.06,23.22
2022-08-03,34.36,22.69
2022-08-04,33.76,22.52
2022-08-05,33.14,20.99
2022-08-06,33.9,20.9
2022-08-07,33.42,22.04
2022-08-08,33.54,20.9
2022-08-09,34.25,21.99
2022-08-10,34.18,22.5
2022-08-11,33.37,21.85
2022-08-12,34.35,21.66
2022-08-13,32.32,21.78
2022-08-14,32.65,20.79
2022-08-15,28.36,18.18
2022-08-16,29.7,19.79
2022-08-17,29.47,17.14
2022-08-18,27.74,16.58
2022-08-19,30.28,16.46
2022-08-20,32.01,18.27
2022-08-21,32.43,19.98
2022-08-22,31.21,20.9
2022-08-23,32.74,20.91
2022-08-24,32.68,21.97
2022-08-25,31.71,20.86
2022-08-26,31.3,19.9
2022-08-27,31.56,19.91
2022-08-28,32.38,20.32
2022-08-29,31.04,20.87
2022-08-30,31.94,20.55
2022-08-31,30.94,18.87
2022-09-01,30.51,17.68
2022-09-02,30.36,19.38
2022-09-03,28.81,18.67
2022-09-04,29.39,18.39
2022-09-05,29.76,18.85
2022-09-06,29.82,18.62
2022-09-07,28.71,17.64
2022-09-08,28.37,18.88
2022-09-09,29.69,18.93
2022-09-10,30.71,18.35
2022-09-11,31.69,20.31
2022-09-12,30.68,21.36
2022-09-13,28.52,20.52
2022-09-14,26.64,18.42
2022-09-15,27.26,17.78
2022-09-16,27.71,17.85
2022-09-17,26.6,16.83
2022-09-18,27.21,16.67
2022-09-19,27.68,16.92
2022-09-20,27.27,17.27
2022-09-21,27.06,16.33
2022-09-22,27.04,16.41
2022-09-23,26.72,15.74
2022-09-24,23.76,14.92
2022-09-25,22.43,13.04
2022-09-26,23.56,12.33
2022-09-27,24.35,12.36
2022-09-28,25.03,13.74
2022-09-29,21.6,13.48
2022-09-30,22.04,11.3
2022-10-01,24.25,10.21
2022-10-02,26.87,12.32
2022-10-03,26.91,13.98
2022-10-04,27.43,14.56
2022-10-05,25.98,13.98
2022-10-06,25.32,15.56
2022-10-07,23.42,14.52
2022-10-08,24.08,14.86
2022-10-09,24.4,14.43
2022-10-10,21.69,14.76
2022-10-11,22.7,15.25
2022-10-12,23.81,13.7
2022-10-13,24.72,13.51
2022-10-14,26.0,13.91
2022-10-15,25.82,13.67
2022-10-16,25.51,14.65
2022-10-17,24.98,16.33
2022-10-18,26.59,15.98
2022-10-19,24.85,16.75
2022-10-20,22.63,16.4
2022-10-21,22.35,16.13
2022-10-22,23.9,14.72
2022-10-23,22.66,15.38
2022-10-24,22.99,14.61
2022-10-25,24.96,14.69
2022-10-26,25.03,15.08
2022-10-27,24.63,15.54
2022-10-28,23.9,14.63
2022-10-29,23.19,13.74
2022-10-30,21.36,12.96
2022-10-31,20.7,13.23
2022-11-01,21.67,12.6
2022-11-02,21.23,11.41
2022-11-03,19.8,12.23
2022-11-04,18.53,8.58
2022-11-05,19.09,6.65
2022-11-06,20.18,5.9
2022-11-07,19.96,7.24
2022-11-08,18.78,10.17
2022-11-09,19.61,10.32
2022-11-10,18.91,9.24
2022-11-11,19.26,9.08
2022-11-12,20.48,12.06
2022-11-13,19.71,9.96
2022-11-14,18.66,11.19
2022-11-15,18.61,12.56
2022-11-16,17.83,12.73
2022-11-17,20.12,12.65
2022-11-18,15.16,8.83
2022-11-19,13.87,6.43
2022-11-20,16.15,6.0
2022-11-21,15.11,7.73
2022-11-22,14.29,6.95
2022-11-23,18.39,9.57
2022-11-24,14.83,8.48
2022-11-25,15.77,6.58
2022-11-26,15.96,4.77
2022-11-27,15.45,3.65
2022-11-28,13.67,6.2
2022-11-29,14.02,5.0
2022-11-30,13.49,4.46
2022-12-01,13.12,4.92
2022-12-02,11.5,3.34
2022-12-03,11.51,1.78
2022-12-04,11.13,3.73
2022-12-05,11.9,4.01
2022-12-06,14.16,7.93
2022-12-07,14.06,7.27
2022-12-08,13.36,8.35
2022-12-09,15.31,9.21
2022-12-10,13.17,5.79
2022-12-11,9.84,5.11
2022-12-12,13.23,7.04
2022-12-13,15.1,9.98
2022-12-14,16.66,10.21
2022-12-15,14.82,9.14
2022-12-16,14.11,7.16
2022-12-17,13.34,6.21
2022-12-18,14.04,5.17
2022-12-19,14.9,6.68
2022-12-20,14.66,7.8
2022-12-21,16.0,8.91
2022-12-22,16.75,9.7
2022-12-23,17.59,9.74
2022-12-24,16.34,8.7
2022-12-25,16.52,7.14
2022-12-26,16.75,7.03
2022-12-27,15.87,5.62
2022-12-28,14.9,4.97
2022-12-29,14.98,7.05
2022-12-30,16.83,8.57
2022-12-31,17.49,6.88
2023-01-01,16.14,7.01
2023-01-02,13.93,6.49
2023-01-03,14.66,5.24
2023-01-04,13.81,3.8
2023-01-05,13.49,2.92
2023-01-06,12.46,1.78
2023-01-07,13.26,2.92
2023-01-08,14.97,8.42
2023-01-09,15.09,6.91
2023-01-10,14.18,4.2
2023-01-11,13.04,4.49
2023-01-12,13.07,3.31
2023-01-13,13.8,4.06
2023-01-14,14.02,2.88
2023-01-15,13.42,4.99
2023-01-16,13.04,4.9
2023-01-17,13.56,4.77
2023-01-18,9.63,3.16
2023-01-19,10.31,2.06
2023-01-20,13.27,4.43
2023-01-21,10.8,1.16
2023-01-22,9.54,-0.57
2023-01-23,8.9,-1.01
2023-01-24,6.72,0.67
2023-01-25,11.3,0.75
2023-01-26,10.03,0.61
2023-01-27,9.75,0.55
2023-01-28,9.42,0.2
2023-01-29,8.82,0.06
2023-01-30,10.92,-0.99
2023-01-31,12.23,-0.34
2023-02-01,13.23,0.9
2023-02-02,14.62,0.83
2023-02-03,15.73,0.57
2023-02-04,18.63,1.24
2023-02-05,15.72,3.27
2023-02-06,11.44,2.51
2023-02-07,10.2,2.99
2023-02-08,11.09,4.0
2023-02-09,11.28,3.0
2023-02-10,11.88,1.06
2023-02-11,12.45,-0.07
2023-02-12,13.08,0.32
2023-02-13,13.65,1.23
2023-02-14,13.49,3.07
2023-02-15,14.65,3.49
2023-02-16,15.34,2.82
2023-02-17,16.66,2.5
2023-02-18,16.55,3.79
2023-02-19,18.03,4.9
2023-02-20,18.53,6.05
2023-02-21,17.04,6.12
2023-02-22,15.52,6.23
2023-02-23,11.75,4.39
2023-02-24,11.69,2.22
2023-02-25,11.87,1.85
2023-02-26,11.85,1.46
2023-02-27,7.52,0.16
2023-02-28,11.02,0.42
2023-03-01,9.33,-0.71
2023-03-02,11.35,0.22
2023-03-03,12.81,0.26
2023-03-04,13.61,1.17
2023-03-05,13.4,1.02
2023-03-06,13.66,5.13
2023-03-07,15.78,6.7
2023-03-08,19.53,9.32
2023-03-09,19.67,11.35
2023-03-10,21.27,10.32
2023-03-11,22.61,11.47
2023-03-12,21.13,10.36
2023-03-13,21.21,9.65
2023-03-14,19.09,8.23
2023-03-15,19.13,6.28
2023-03-16,20.2,6.61
2023-03-17,16.36,9.28
2023-03-18,16.89,8.32
2023-03-19,17.62,7.4
2023-03-20,18.66,6.03
2023-03-21,19.12,7.17
2023-03-22,19.62,7.29
2023-03-23,19.82,9.28
2023-03-24,20.99,9.1
2023-03-25,19.62,7.68
2023-03-26,22.55,9.08
2023-03-27,19.43,7.38
2023-03-28,20.72,7.95
2023-03-29,22.6,9.02
2023-03-30,21.32,10.19
2023-03-31,23.29,11.04
2023-04-01,20.76,9.4
2023-04-02,19.51,6.34
2023-04-03,18.12,6.28
2023-04-04,18.13,6.34
2023-04-05,19.51,4.75
2023-04-06,20.24,6.56
2023-04-07,21.46,6.5
2023-04-08,21.81,7.47
2023-04-09,22.14,8.13
2023-04-10,22.35,9.83
2023-04-11,22.08,9.88
2023-04-12,20.98,9.15
2023-04-13,18.68,7.86
2023-04-14,20.47,8.62
2023-04-15,21.62,9.52
2023-04-16,21.7,8.69
2023-04-17,21.71,7.94
2023-04-18,20.72,8.92
2023-04-19,22.05,8.43
2023-04-20,23.36,9.01
2023-04-21,22.67,10.79
2023-04-22,20.75,11.25
2023-04-23,21.8,11.08
2023-04-24,22.65,11.91
2023-04-25,24.38,12.64
2023-04-26,24.55,13.11
2023-04-27,26.84,13.35
2023-04-28,26.74,14.26
2023-04-29,23.88,14.83
2023-04-30,23.86,14.09
2023-05-01,24.16,12.54
2023-05-02,25.47,11.73
2023-05-03,25.87,13.01
2023-05-04,23.67,13.69
2023-05-05,24.62,12.58
2023-05-06,24.88,12.9
2023-05-07,24.27,14.78
2023-05-08,25.95,13.4
2023-05-09,24.94,14.36
2023-05-10,22.6,13.37
2023-05-11,20.64,11.6
2023-05-12,19.35,9.64
2023-05-13,19.69,8.98
2023-05-14,20.94,10.44
2023-05-15,22.17,11.07
2023-05-16,22.28,11.02
2023-05-17,22.22,9.9
2023-05-18,21.11,10.68
2023-05-19,20.85,11.0
2023-05-20,21.35,10.91
2023-05-21,21.34,11.33
2023-05-22,22.75,13.98
2023-05-23,23.2,13.84
2023-05-24,23.9,14.12
2023-05-25,21.96,13.2
2023-05-26,21.51,12.62
2023-05-27,24.16,14.06
2023-05-28,23.47,14.53
2023-05-29,23.58,14.47
2023-05-30,23.9,14.21
2023-05-31,25.16,14.81
2023-06-01,22.65,14.14
2023-06-02,24.1,14.44
2023-06-03,24.91,14.87
2023-06-04,25.31,15.41
2023-06-05,25.88,15.84
2023-06-06,26.95,16.17
2023-06-07,23.87,17.31
2023-06-08,23.79,16.83
2023-06-09,25.94,17.67
2023-06-10,26.5,17.73
2023-06-11,27.69,17.83
2023-06-12,27.46,17.51
2023-06-13,25.52,16.61
2023-06-14,27.07,16.28
2023-06-15,29.01,17.53
2023-06-16,29.79,18.35
2023-06-17,30.35,19.19
2023-06-18,28.42,19.52
2023-06-19,28.09,18.51
2023-06-20,26.02,17.83
2023-06-21,26.11,17.68
2023-06-22,29.36,18.12
2023-06-23,30.15,19.24
2023-06-24,31.36,19.91
2023-06-25,32.15,20.14
2023-06-26,32.03,20.99
2023-06-27,31.07,20.82
2023-06-28,30.95,20.76
2023-06-29,30.39,19.0
2023-06-30,27.43,17.45
2023-07-01,28.88,17.96
2023-07-02,30.62,19.73
2023-07-03,30.4,20.29
2023-07-04,29.98,19.82
2023-07-05,29.08,19.83
2023-07-06,30.23,19.89
2023-07-07,30.86,19.85
2023-07-08,31.19,19.74
2023-07-09,31.47,19.96
2023-07-10,33.29,20.85
2023-07-11,32.93,22.14
2023-07-12,31.11,21.44
2023-07-13,30.34,20.41
2023-07-14,31.21,20.69
2023-07-15,29.91,20.85
2023-07-16,30.1,20.07
2023-07-17,32.72,20.61
2023-07-18,33.99,21.9
2023-07-19,32.99,22.75
2023-07-20,31.32,21.3
2023-07-21,29.57,20.75
2023-07-22,30.15,20.01
2023-07-23,31.62,20.13
2023-07-24,30.52,20.92
2023-07-25,30.42,19.34
2023-07-26,29.39,18.9
2023-07-27,31.01,19.93
2023-07-28,31.02,19.36
2023-07-29,32.12,20.78
2023-07-30,32.21,21.55
2023-07-31,31.99,21.16
2023-08-01,32.62,21.54
2023-08-02,32.83,21.51
2023-08-03,29.07,20.09
2023-08-04,27.85,16.97
2023-08-05,30.47,16.86
2023-08-06,30.14,19.0
2023-08-07,30.67,18.86
2023-08-08,32.73,20.29
2023-08-09,33.47,21.62
2023-08-10,34.02,22.53
2023-08-11,33.97,21.38
2023-08-12,32.48,21.74
2023-08-13,32.36,21.62
2023-08-14,32.29,21.09
2023-08-15,32.38,20.72
2023-08-16,31.82,20.81
2023-08-17,32.32,21.07
2023-08-18,32.23,21.36
2023-08-19,33.1,21.66
2023-08-20,34.81,22.09
2023-08-21,36.32,23.39
2023-08-22,35.94,23.36
2023-08-23,36.9,23.98
2023-08-24,35.4,23.56
2023-08-25,33.25,22.64
2023-08-26,30.29,20.22
2023-08-27,25.62,16.25
2023-08-28,28.85,15.85
2023-08-29,27.62,16.69
2023-08-30,26.86,16.67
2023-08-31,28.26,17.05
2023-09-01,28.88,17.71
2023-09-02,24.91,18.5
2023-09-03,25.45,18.56
2023-09-04,27.96,20.12
2023-09-05,28.31,19.25
2023-09-06,28.61,19.08
2023-09-07,28.73,18.9
2023-09-08,28.42,18.32
2023-09-09,27.77,18.41
2023-09-10,28.39,18.26
2023-09-11,26.69,17.87
2023-09-12,27.45,18.35
2023-09-13,27.81,17.82
2023-09-14,28.26,18.37
2023-09-15,25.78,17.94
2023-09-16,25.83,17.55
2023-09-17,25.46,18.07
2023-09-18,25.94,18.03
2023-09-19,25.49,16.02
2023-09-20,25.16,15.57
2023-09-21,24.23,16.12
2023-09-22,23.85,14.68
2023-09-23,23.94,12.59
2023-09-24,26.24,13.38
2023-09-25,27.16,14.51
2023-09-26,26.97,15.21
2023-09-27,27.38,15.91
2023-09-28,28.02,16.33
2023-09-29,29.33,16.92
2023-09-30,30.54,17.35
2023-10-01,30.07,16.94
2023-10-02,28.85,16.42
2023-10-03,28.0,16.39
2023-10-04,28.3,17.39
2023-10-05,28.46,16.56
2023-10-06,29.14,16.52
2023-10-07,29.14,16.38
2023-10-08,28.72,15.46
2023-10-09,27.94,15.26
2023-10-10,27.3,14.36
2023-10-11,26.86,13.92
2023-10-12,27.11,14.12
2023-10-13,25.83,14.72
2023-10-14,24.37,15.86
2023-10-15,22.12,14.88
2023-10-16,21.47,15.68
2023-10-17,24.63,16.17
2023-10-18,24.03,16.96
2023-10-19,21.23,13.87
2023-10-20,19.67,12.47
2023-10-21,18.86,10.02
2023-10-22,18.81,9.82
2023-10-23,20.22,13.17
2023-10-24,18.53,11.46
2023-10-25,20.84,13.7
2023-10-26,21.52,14.56
2023-10-27,19.42,12.44
2023-10-28,20.48,12.72
2023-10-29,19.67,13.1
2023-10-30,18.59,11.17
2023-10-31,16.99,9.32
2023-11-01,18.46,9.95
2023-11-02,18.89,9.21
2023-11-03,16.12,8.84
2023-11-04,17.96,10.39
2023-11-05,17.15,10.19
2023-11-06,16.3,7.51
2023-11-07,14.57,5.34
2023-11-08,14.98,6.1
2023-11-09,16.52,9.53
2023-11-10,17.4,10.0
2023-11-11,18.58,12.2
2023-11-12,20.75,12.96
2023-11-13,21.36,12.03
2023-11-14,21.04,12.04
2023-11-15,18.57,11.92
2023-11-16,19.33,11.39
2023-11-17,18.32,10.44
2023-11-18,18.97,9.07
2023-11-19,18.65,8.11
2023-11-20,17.59,7.46
2023-11-21,15.21,8.25
2023-11-22,16.33,6.98
2023-11-23,15.78,4.58
2023-11-24,17.73,4.78
2023-11-25,15.96,4.95
2023-11-26,14.93,5.0
2023-11-27,14.58,5.7
2023-11-28,14.57,8.88
2023-11-29,15.13,10.39
2023-11-30,17.78,10.69
2023-12-01,14.93,7.36
2023-12-02,12.77,4.99
2023-12-03,11.59,2.6
2023-12-04,12.9,5.54
2023-12-05,11.25,4.75
2023-12-06,11.94,3.66
2023-12-07,12.75,4.17
2023-12-08,13.79,6.98
2023-12-09,15.45,6.63
2023-12-10,16.41,9.64
2023-12-11,17.47,9.58
2023-12-12,16.8,9.65
2023-12-13,14.11,7.64
2023-12-14,13.89,5.15
2023-12-15,15.34,4.82
2023-12-16,13.31,3.09
2023-12-17,12.3,0.97
2023-12-18,11.95,0.52
2023-12-19,13.19,1.09
2023-12-20,12.75,3.17
2023-12-21,14.28,3.43
2023-12-22,16.27,5.19
2023-12-23,14.22,3.91
2023-12-24,13.0,2.26
2023-12-25,12.55,0.94
2023-12-26,12.1,0.81
2023-12-27,12.22,0.64
2023-12-28,11.29,1.55
2023-12-29,11.22,3.93
2023-12-30,13.69,3.08
2023-12-31,13.67,5.27
2024-01-01,12.71,4.24
2024-01-02,13.21,4.19
2024-01-03,15.51,9.07
2024-01-04,14.01,7.55
2024-01-05,11.28,5.93
2024-01-06,11.77,3.79
2024-01-07,11.63,2.55
2024-01-08,10.04,0.56
2024-01-09,9.67,2.42
2024-01-10,9.03,4.52
2024-01-11,9.63,2.73
2024-01-12,10.6,1.12
2024-01-13,11.47,1.89
2024-01-14,13.98,5.78
2024-01-15,15.52,8.45
2024-01-16,16.04,10.01
2024-01-17,16.22,10.5
2024-01-18,17.28,10.49
2024-01-19,12.25,4.44
2024-01-20,10.96,2.36
2024-01-21,12.72,2.74
2024-01-22,13.61,3.47
2024-01-23,15.92,5.72
2024-01-24,17.73,6.18
2024-01-25,18.04,5.63
2024-01-26,19.23,6.13
2024-01-27,17.72,6.26
2024-01-28,16.53,5.64
2024-01-29,15.24,7.85
2024-01-30,15.23,6.63
2024-01-31,14.58,5.37
2024-02-01,16.66,4.61
2024-02-02,16.1,5.38
2024-02-03,16.87,4.58
2024-02-04,17.63,4.47
2024-02-05,16.69,4.3
2024-02-06,15.43,5.79
2024-02-07,15.73,5.21
2024-02-08,16.23,8.54
2024-02-09,14.19,9.42
2024-02-10,13.13,6.54
2024-02-11,12.25,5.13
2024-02-12,17.92,6.71
2024-02-13,17.47,8.27
2024-02-14,18.64,8.47
2024-02-15,17.72,9.66
2024-02-16,15.5,8.41
2024-02-17,17.7,6.38
2024-02-18,17.96,5.52
2024-02-19,18.53,7.78
2024-02-20,18.75,5.98
2024-02-21,16.61,5.48
2024-02-22,16.57,8.23
2024-02-23,13.07,5.37
2024-02-24,12.84,4.6
2024-02-25,14.3,6.31
2024-02-26,14.1,6.84
2024-02-27,14.09,5.59
2024-02-28,15.13,5.36
2024-02-29,15.58,4.22
2024-03-01,15.48,4.77
2024-03-02,12.86,4.96
2024-03-03,12.2,3.5
2024-03-04,14.69,5.31
2024-03-05,15.49,4.84
2024-03-06,15.72,2.95
2024-03-07,15.09,5.42
2024-03-08,13.45,6.23
2024-03-09,11.51,6.01
2024-03-10,14.4,5.52
2024-03-11,15.84,6.3
2024-03-12,16.85,4.86
2024-03-13,18.61,5.24
2024-03-14,17.77,6.71
2024-03-15,18.95,8.71
2024-03-16,19.75,8.91
2024-03-17,20.2,10.15
2024-03-18,20.95,9.74
2024-03-19,21.69,10.57
2024-03-20,20.5,10.84
2024-03-21,21.64,11.68
2024-03-22,24.77,11.28
2024-03-23,21.61,11.03
2024-03-24,19.27,9.75
2024-03-25,14.6,8.95
2024-03-26,13.32,5.52
2024-03-27,15.52,5.54
2024-03-28,18.16,9.7
2024-03-29,15.38,8.34
2024-03-30,14.57,7.16
2024-03-31,13.68,7.01
2024-04-01,16.24,5.95
2024-04-02,16.31,7.03
2024-04-03,20.15,9.51
2024-04-04,20.74,8.79
2024-04-05,22.56,10.8
2024-04-06,22.0,11.57
2024-04-07,20.78,13.05
2024-04-08,19.53,9.79
2024-04-09,17.53,7.04
2024-04-10,19.7,6.33
2024-04-11,22.56,8.64
2024-04-12,24.45,9.85
2024-04-13,26.99,11.11
2024-04-14,27.21,11.46
2024-04-15,23.98,12.02
2024-04-16,20.69,10.59
2024-04-17,19.21,9.42
2024-04-18,19.37,8.29
2024-04-19,20.8,6.81
2024-04-20,21.69,8.74
2024-04-21,20.29,8.78
2024-04-22,17.44,6.88
2024-04-23,16.54,4.75
2024-04-24,18.02,4.67
2024-04-25,17.44,8.53
2024-04-26,17.67,8.55
2024-04-27,17.03,10.17
2024-04-28,17.24,8.35
2024-04-29,16.95,8.48
2024-04-30,18.73,8.53
2024-05-01,17.61,8.36
2024-05-02,18.16,6.69
2024-05-03,20.06,6.92
2024-05-04,22.79,10.49
2024-05-05,21.1,11.82
2024-05-06,21.07,11.9
2024-05-07,20.97,10.15
2024-05-08,23.39,10.11
2024-05-09,24.94,11.18
2024-05-10,26.23,12.14
2024-05-11,25.44,12.84
2024-05-12,24.85,13.04
2024-05-13,24.57,13.2
2024-05-14,20.47,12.14
2024-05-15,18.8,10.47
2024-05-16,19.67,10.03
2024-05-17,20.67,11.58
2024-05-18,20.95,10.9
2024-05-19,20.98,11.49
2024-05-20,21.85,11.39
2024-05-21,21.77,11.61
2024-05-22,21.32,11.75
2024-05-23,22.48,11.35
2024-05-24,24.17,12.12
2024-05-25,25.44,12.47
2024-05-26,25.57,13.13
2024-05-27,25.27,14.64
2024-05-28,26.74,14.22
2024-05-29,28.21,15.28
2024-05-30,28.27,16.18
2024-05-31,25.5,14.59
2024-06-01,24.11,13.17
2024-06-02,25.18,12.95
2024-06-03,25.05,14.15
2024-06-04,27.78,15.32
2024-06-05,28.81,16.2
2024-06-06,30.75,17.33
2024-06-07,30.77,18.45
2024-06-08,25.88,17.92
2024-06-09,24.34,16.36
2024-06-10,21.55,14.84
2024-06-11,22.88,13.05
2024-06-12,22.71,12.75
2024-06-13,25.62,11.46
2024-06-14,27.73,15.68
2024-06-15,25.76,15.56
2024-06-16,26.71,15.02
2024-06-17,27.76,16.06
2024-06-18,26.19,16.54
2024-06-19,25.18,15.83
2024-06-20,22.84,15.59
2024-06-21,26.41,14.75
2024-06-22,27.29,16.14
2024-06-23,26.38,16.57
2024-06-24,28.75,17.86
2024-06-25,29.75,18.34
2024-06-26,28.57,19.45
2024-06-27,29.5,19.21
2024-06-28,27.9,18.17
2024-06-29,24.41,17.03
2024-06-30,17.95,13.22
